# p0, p1, p2, p3, p4, resistivity (kohm.cm)
    2.0981,   25.6885,    0.9371,    7.6234,    4.2436,    9.7666
    2.2529,   18.4231,    0.9404,    7.7728,    4.4049,   23.0747
    2.4556,   22.8583,    0.9022,    7.3489,    3.9793,   13.0051
    2.4183,   19.7753,    0.9295,    7.9458,    4.1298,   18.9722
    2.0662,   21.4281,    0.9510,    8.1314,    3.8700,   15.3383
    2.4658,   21.9378,    0.9029,    7.5451,    3.7897,   14.4360
    2.1996,   21.4811,    0.9174,    7.9926,    4.0906,   15.2403
    2.3364,   15.0163,    0.9221,    7.6351,    4.4467,   42.9647
    2.3871,   19.1278,    0.8810,    7.6235,    4.2810,   20.7792
    2.3828,   26.6010,    0.9102,    7.5721,    4.4228,    8.9882
    2.3952,   20.1968,    0.9356,    8.2111,    4.2534,   17.9254
    2.3335,   22.8362,    0.8924,    7.7034,    4.6327,   13.0369
    2.1710,   21.3768,    0.9554,    7.4753,    3.7685,   15.4340
    2.1095,   25.8868,    0.9176,    7.4472,    4.1978,    9.5886
    2.0755,   27.4986,    0.9414,    7.3601,    4.0725,    8.3138
    2.3451,   20.7741,    0.8884,    7.7651,    4.5550,   16.6331
    2.4457,   18.7155,    0.9326,    7.9183,    4.2084,   22.0759
    2.0912,   20.7524,    0.9302,    7.8232,    3.9894,   16.6789
    2.2037,   22.3875,    0.9578,    7.5641,    4.8668,   13.7075
    2.3229,   25.7460,    0.9580,    7.4495,    4.3573,    9.7145
    2.2689,   25.8907,    0.8930,    7.8181,    4.4011,    9.5852
    2.4008,   13.8061,    0.9442,    7.4941,    4.6972,   57.3326
    2.4371,   21.0549,    0.9304,    8.1422,    4.6859,   16.0568
    2.3508,   27.0069,    0.9185,    7.4084,    4.3160,    8.6729
    2.0731,   26.4376,    0.9567,    7.8687,    4.4632,    9.1202
    2.3476,   25.0676,    0.9419,    7.5912,    4.6755,   10.3591
    2.2224,   16.1004,    0.9233,    7.9037,    4.3647,   34.3761
    2.2048,   21.9365,    0.9091,    7.6135,    4.4667,   14.4382
    2.3941,   19.6232,    0.8766,    7.7554,    4.2514,   19.3739
    2.2804,   14.6983,    0.9446,    7.6499,    4.1187,   46.1384
    2.1164,   27.1924,    0.9141,    7.4082,    4.4209,    8.5346
    2.3341,   19.3556,    0.9319,    7.5132,    3.8773,   20.1137
    2.4718,   25.7444,    0.8491,    7.3647,    4.8447,    9.7159
    2.3689,   17.8764,    0.9430,    7.5881,    4.0314,   25.1447
    2.0942,   25.8567,    0.9381,    7.7906,    3.8781,    9.6154
    2.4487,   24.0569,    0.8901,    7.8533,    4.6966,   11.4528
    2.1019,   25.3325,    0.9295,    7.8568,    4.0602,   10.0996
    2.4254,   20.8892,    0.9593,    8.0283,    4.6811,   16.3929
    2.3333,   18.9822,    0.9489,    7.8772,    3.5771,   21.2233
    2.3318,   26.1000,    0.8790,    7.5137,    4.2558,    9.4029
    2.4042,   25.8183,    0.9434,    7.9155,    4.7747,    9.6495
    2.4011,   17.9037,    0.9470,    7.6506,    4.3678,   25.0345
    2.1044,   26.6295,    0.9240,    8.0111,    3.9676,    8.9654
    2.3250,   20.9513,    0.9417,    8.8218,    4.5891,   16.2656
    2.4185,   20.3579,    0.9122,    7.8532,    4.0604,   17.5494
    2.1262,   24.5032,    0.8909,    7.3567,    4.2208,   10.9484
    2.3391,   22.4730,    0.9183,    8.6719,    4.4417,   13.5756
    2.2674,   25.5945,    0.9255,    7.3674,    4.6888,    9.8529
    2.2301,   27.2912,    0.9389,    7.8007,    4.3500,    8.4623
    2.2967,   19.5071,    0.9152,    7.8360,    4.2262,   19.6894
    2.2954,   21.1217,    0.9085,    7.5714,    4.7542,   15.9243
    2.2367,   20.6080,    0.9507,    8.8149,    4.2581,   16.9893
    2.3405,   25.8366,    0.8570,    7.3695,    4.2405,    9.6333
    2.3328,   13.3645,    0.9560,    7.6727,    4.4177,   64.5453
    2.3516,   20.2028,    0.9164,    7.3662,    4.1029,   17.9111
    2.4662,   20.0276,    0.8720,    7.4666,    4.3409,   18.3343
    2.3345,   25.2781,    0.8958,    7.7360,    4.3339,   10.1520
    2.4562,   24.2102,    0.9554,    7.6826,    4.7433,   11.2755
    2.0868,   26.9946,    0.9016,    7.4509,    3.9483,    8.6821
    2.4099,   19.1165,    0.8881,    7.4642,    3.9385,   20.8133
    2.2292,   22.7346,    0.9200,    7.7778,    4.5362,   13.1841
    2.3413,   20.5266,    0.9519,    8.1656,    3.7712,   17.1685
    2.4124,   25.4259,    0.9148,    7.8804,    4.2456,   10.0105
    2.1906,   24.3121,    0.9260,    7.3824,    4.3923,   11.1601
    2.3656,   19.9739,    0.8783,    7.3511,    4.2797,   18.4672
    2.3238,   24.6392,    0.9251,    7.9831,    4.1265,   10.8017
    2.2346,   25.0982,    0.9492,    7.5073,    4.1479,   10.3286
    2.0093,   27.7138,    0.9544,    7.6935,    4.0524,    8.1639
    2.4079,   21.8383,    0.9256,    7.7252,    3.7630,   14.6054
    2.1728,   21.2015,    0.9318,    7.5758,    4.0011,   15.7683
    2.4921,   19.1807,    0.8944,    7.4529,    4.1969,   20.6218
    2.2513,   19.6439,    0.8920,    7.3757,    4.0657,   19.3184
    2.3181,   20.3562,    0.9237,    7.9733,    3.7863,   17.5531
    2.4075,   19.2822,    0.9442,    7.9841,    4.0962,   20.3245
    2.1505,   24.5453,    0.9293,    7.6508,    3.9697,   10.9027
    2.4798,   14.3982,    0.9571,    7.6690,    4.0738,   49.4868
    2.4121,   21.5678,    0.9141,    7.8655,    4.6776,   15.0822
    2.1549,   25.6720,    0.9440,    7.9240,    4.0915,    9.7817
    2.2838,   20.7508,    0.9082,    7.3562,    4.9464,   16.6824
    2.3684,   19.5379,    0.9563,    8.1037,    3.9130,   19.6049
    2.2659,   20.4786,    0.9516,    8.4258,    4.0674,   17.2754
    2.4364,   13.4234,    0.9329,    7.4401,    4.4042,   63.5032
    2.2130,   25.0389,    0.9437,    7.5348,    4.1853,   10.3878
    2.2841,   21.2522,    0.9501,    8.4897,    4.2806,   15.6704
    2.2215,   23.6288,    0.9379,    7.4851,    4.8408,   11.9721
    2.3878,   25.0683,    0.9059,    7.4504,    3.9034,   10.3585
    2.2973,   20.3699,    0.9565,    8.0095,    3.7664,   17.5217
    2.1922,   21.6854,    0.9552,    7.9077,    3.7090,   14.8720
    2.4338,   19.5915,    0.8960,    7.8089,    4.5330,   19.4592
    2.1919,   26.9154,    0.9432,    7.6311,    4.1482,    8.7424
    2.3571,   26.1508,    0.9209,    7.5367,    3.8850,    9.3595
    2.1461,   26.4222,    0.9466,    7.6025,    4.1397,    9.1328
    2.3615,   14.2228,    0.9409,    8.3733,    4.5453,   51.6254
    2.4008,   23.8117,    0.8677,    7.5042,    4.6044,   11.7458
    2.2409,   22.8989,    0.9523,    9.1366,    4.5278,   12.9473
    2.3209,   27.3950,    0.9396,    8.5965,    4.3343,    8.3874
    2.3768,   21.3069,    0.9078,    7.5208,    4.8121,   15.5660
    2.4110,   18.4629,    0.8757,    7.4296,    4.3289,   22.9347
    2.2740,   20.5667,    0.9139,    8.0083,    3.9529,   17.0798
    2.4917,   19.6301,    0.9272,    7.6731,    4.2426,   19.3553
    2.2576,   25.5394,    0.9558,    7.9467,    4.4321,    9.9039
    2.2852,   20.6033,    0.9457,    7.4147,    4.9028,   16.9997
    2.2850,   20.5975,    0.9316,    7.5158,    4.1745,   17.0123
    2.4334,   20.7429,    0.9409,    7.6684,    3.9978,   16.6990
    2.4994,   19.4889,    0.9032,    7.5249,    4.7851,   19.7398
    2.1646,   26.2338,    0.9180,    7.8450,    4.1091,    9.2893
    2.0758,   25.7735,    0.9528,    7.4684,    4.4258,    9.6897
    2.2442,   21.9877,    0.9182,    7.4183,    3.6116,   14.3523
    2.2894,   22.8717,    0.9371,    8.2802,    4.1792,   12.9860
    2.2198,   15.4941,    0.9492,    7.8743,    4.5098,   38.8047
    2.3297,   20.6192,    0.9185,    7.4292,    4.8073,   16.9651
    2.4963,   21.1561,    0.9224,    7.6821,    4.7446,   15.8568
    2.2722,   16.4017,    0.9506,    7.7712,    4.8819,   32.4654
    2.4386,   14.5598,    0.9486,    7.5913,    3.7907,   47.6379
    2.1957,   18.2111,    0.9525,    7.8827,    3.7024,   23.8445
    2.2956,   23.6458,    0.9460,    9.1306,    4.3536,   11.9507
    2.4671,   19.3447,    0.9143,    7.6404,    4.2979,   20.1448
    2.2179,   21.2234,    0.9542,    7.7857,    3.9570,   15.7259
    2.3754,   20.2171,    0.9065,    7.5766,    3.9367,   17.8774
    2.4977,   20.7522,    0.9389,    7.6097,    4.7464,   16.6794
    2.3749,   18.9160,    0.9064,    7.5171,    4.2653,   21.4300
    2.4989,   22.1076,    0.9561,    7.5533,    4.4663,   14.1540
    2.4814,   25.1298,    0.8685,    7.4311,    4.8495,   10.2973
    2.4069,   14.0476,    0.8879,    7.4541,    4.6341,   53.9099
    2.2811,   16.2824,    0.9335,    7.8480,    4.0677,   33.2017
    2.2358,   23.2034,    0.9249,    7.5269,    3.6272,   12.5257
    2.3553,   21.3967,    0.9222,    8.1096,    3.8012,   15.3967
    2.2293,   21.0395,    0.9198,    8.0779,    4.1193,   16.0876
    2.1599,   27.1313,    0.9462,    7.7723,    4.3403,    8.5797
    2.2494,   21.0503,    0.9100,    7.6836,    3.7401,   16.0659
    2.3370,   19.5414,    0.9005,    7.4733,    4.2159,   19.5953
    2.2746,   25.9538,    0.9404,    7.3761,    4.2870,    9.5296
    2.4204,   13.7391,    0.9434,    7.8857,    4.4772,   58.3429
    2.3665,   17.6228,    0.9126,    7.7595,    4.4715,   26.2060
    2.3610,   14.0683,    0.9127,    7.5406,    4.2559,   53.6318
    2.4076,   13.1950,    0.9414,    7.7474,    4.5515,   67.7020
    2.3875,   21.3459,    0.9084,    7.3598,    4.6180,   15.4921
    2.4004,   14.5794,    0.9027,    7.5190,    4.8110,   47.4213
    2.2647,   26.6010,    0.9392,    8.4269,    4.1260,    8.9881
    2.0725,   25.2451,    0.9424,    7.6924,    4.4301,   10.1840
    2.4366,   25.5066,    0.8917,    7.4235,    4.0792,    9.9346
    2.4643,   21.9146,    0.9475,    7.5593,    4.8846,   14.4752
    2.0732,   25.8650,    0.9163,    7.5633,    4.2888,    9.6079
    2.4190,   13.7860,    0.9312,    7.4653,    4.2683,   57.6323
    2.3029,   23.9156,    0.9320,    8.9253,    4.4056,   11.6202
    2.2617,   18.8617,    0.9403,    7.7739,    4.1076,   21.6019
    2.2607,   21.0943,    0.9439,    7.5614,    3.6116,   15.9784
    2.4841,   26.6392,    0.9083,    7.7489,    4.7181,    8.9577
    2.0457,   24.0106,    0.9410,    7.6340,    3.7054,   11.5072
    2.2822,   21.1525,    0.9581,    8.6118,    4.6290,   15.8637
    2.2968,   25.1447,    0.9471,    7.8481,    4.2258,   10.2825
    2.3766,   20.1408,    0.9320,    7.4407,    4.0998,   18.0593
    2.3731,   15.6012,    0.9376,    7.5401,    4.3706,   37.9587
    2.4403,   18.7057,    0.9184,    7.8424,    4.0308,   22.1084
    2.3396,   24.7107,    0.9238,    7.5803,    4.2691,   10.7258
    2.4908,   20.4654,    0.8985,    7.5343,    4.1901,   17.3050
    2.4971,   20.2259,    0.9232,    7.4050,    4.0198,   17.8565
    2.2747,   16.0574,    0.9337,    7.8020,    4.2258,   34.6632
    2.2815,   24.7453,    0.8793,    7.6388,    4.5659,   10.6893
    2.4646,   18.6484,    0.9468,    7.5051,    4.2755,   22.2992
    2.3084,   20.5406,    0.9046,    7.5484,    3.9588,   17.1376
    2.4467,   22.9288,    0.9205,    7.7373,    3.8625,   12.9049
    2.0656,   23.2090,    0.9450,    7.6414,    4.7015,   12.5181
    2.2119,   22.2068,    0.9237,    7.6144,    4.1976,   13.9932
    2.4201,   23.0061,    0.9109,    7.5860,    3.6462,   12.7964
    2.4602,   19.3724,    0.9015,    7.4159,    4.1113,   20.0659
    2.3857,   19.2306,    0.9019,    7.6927,    4.3273,   20.4749
    2.3865,   21.2176,    0.9334,    8.4837,    4.6054,   15.7372
    2.4014,   25.4056,    0.9597,    7.3503,    4.5490,   10.0298
    2.3058,   20.8174,    0.9503,    7.7141,    4.6946,   16.5420
    2.2034,   26.4213,    0.9289,    7.5837,    4.1601,    9.1335
    2.0483,   24.6855,    0.9533,    7.9914,    4.1842,   10.7524
    2.4950,   18.1362,    0.9327,    7.7727,    4.1348,   24.1261
    2.3026,   19.4103,    0.9375,    7.6511,    3.5885,   19.9589
    2.4454,   17.5302,    0.9374,    7.4215,    3.9196,   26.6109
    2.1991,   19.2286,    0.9282,    7.7192,    4.0123,   20.4806
    2.4920,   20.7122,    0.8912,    8.2760,    4.7564,   16.7644
    2.4750,   22.1965,    0.9433,    7.6436,    4.8712,   14.0096
    2.0528,   26.5463,    0.9494,    7.8885,    4.2941,    9.0320
    2.0356,   21.7016,    0.9477,    8.0866,    3.7939,   14.8435
    2.1539,   23.4314,    0.8934,    7.4668,    4.3739,   12.2240
    2.4705,   18.8282,    0.8959,    7.6423,    4.2896,   21.7091
    2.3127,   22.1372,    0.9411,    7.6566,    3.7016,   14.1056
    2.2474,   20.1484,    0.9542,    7.8298,    3.6630,   18.0409
    2.0900,   25.6366,    0.9056,    7.4420,    4.1747,    9.8141
    2.1738,   15.8886,    0.9476,    7.5508,    4.7199,   35.8285
    2.1540,   24.7661,    0.9075,    7.6148,    4.3709,   10.6676
    2.2415,   21.1559,    0.9152,    7.9794,    3.8044,   15.8571
    2.4192,   13.7926,    0.9006,    7.3957,    4.6271,   57.5336
    2.1889,   24.2442,    0.9287,    7.4935,    4.3789,   11.2368
    2.3084,   15.3453,    0.8965,    7.4066,    4.4502,   40.0290
    2.1600,   25.1534,    0.9043,    7.6057,    4.3531,   10.2739
    2.2707,   20.5620,    0.9062,    8.0919,    4.1563,   17.0902
    2.3740,   19.8199,    0.9337,    7.4942,    3.8669,   18.8571
    2.4805,   18.2980,    0.9596,    8.1663,    4.4224,   23.5242
    2.2855,   24.3039,    0.9361,    7.3722,    4.2993,   11.1693
    2.1857,   24.7517,    0.9313,    7.6358,    4.3639,   10.6827
    2.3003,   20.3464,    0.8903,    7.5993,    4.0413,   17.5757
    2.3392,   27.7793,    0.8982,    7.3863,    4.4045,    8.1191
    2.3384,   17.1272,    0.9183,    7.3515,    3.6800,   28.4955
    2.2455,   20.7849,    0.9161,    7.9896,    3.7648,   16.6103
    2.1951,   24.7903,    0.9387,    8.2425,    4.0281,   10.6422
    2.2560,   19.6991,    0.9548,    8.3357,    3.7539,   19.1717
    2.4053,   20.2976,    0.9468,    7.6456,    4.0142,   17.6886
    2.3502,   23.0014,    0.9064,    8.6489,    4.3344,   12.8028
    2.2694,   14.2813,    0.9293,    7.3699,    3.9507,   50.8961
    2.4686,   19.2383,    0.8820,    7.3496,    4.1177,   20.4522
    2.1655,   25.6233,    0.9476,    7.4275,    4.4130,    9.8263
    2.2711,   21.0479,    0.9505,    8.7859,    4.2404,   16.0708
    2.4327,   19.8654,    0.9174,    8.0356,    4.1731,   18.7404
    2.4815,   13.4294,    0.9589,    7.3930,    4.4412,   63.3988
    2.2601,   21.3329,    0.9423,    8.0781,    3.8244,   15.5166
    2.3202,   16.0842,    0.9585,    7.4431,    4.5044,   34.4840
    2.1636,   19.4848,    0.9362,    7.6421,    4.0985,   19.7511
    2.3635,   20.9748,    0.8614,    7.5257,    4.2202,   16.2178
    2.1318,   26.1813,    0.9355,    7.6076,    3.9661,    9.3336
    2.4818,   19.3443,    0.9140,    8.0663,    4.3136,   20.1459
    2.4995,   18.8738,    0.9151,    7.4729,    4.1580,   21.5636
    2.4510,   20.2067,    0.9449,    7.4075,    4.2006,   17.9019
    2.2699,   15.8237,    0.9512,    7.8050,    4.7276,   36.2925
    2.2593,   26.3141,    0.9209,    7.7653,    4.4452,    9.2221
    2.2358,   25.7436,    0.9416,    7.3630,    4.3875,    9.7166
    2.3361,   22.4755,    0.9472,    7.4230,    4.7893,   13.5718
    2.2988,   14.6136,    0.8979,    7.4018,    4.3071,   47.0460
    2.2763,   25.5726,    0.9259,    7.5934,    3.9016,    9.8731
    2.3779,   23.3487,    0.9359,    8.3980,    4.6727,   12.3321
    2.2340,   19.1305,    0.9288,    7.6267,    4.1432,   20.7712
    2.3698,   20.1549,    0.9485,    7.9110,    3.9964,   18.0255
    2.1067,   25.6975,    0.9583,    7.7827,    4.1811,    9.7585
    2.2748,   19.0865,    0.9513,    7.6242,    4.1002,   20.9039
    2.2989,   19.9270,    0.9218,    7.7224,    3.6936,   18.5846
    2.2143,   26.4933,    0.9544,    7.6990,    4.1464,    9.0749
    2.3787,   23.7078,    0.8969,    7.6895,    4.8808,   11.8734
    2.3390,   21.0706,    0.9468,    7.5863,    4.8723,   16.0256
    2.1763,   18.8108,    0.9552,    7.4730,    4.1234,   21.7651
    2.1867,   24.1407,    0.9009,    7.8403,    4.1850,   11.3553
    2.2487,   27.5328,    0.9529,    7.8345,    4.3300,    8.2897
    2.4262,   19.3160,    0.9572,    7.4278,    4.0603,   20.2269
    2.4162,   21.2489,    0.9233,    8.6976,    4.7099,   15.6768
    2.3284,   18.9984,    0.9134,    8.2138,    4.1266,   21.1732
    2.2811,   21.6210,    0.9239,    8.1046,    4.0055,   14.9867
    2.2436,   20.6352,    0.9231,    7.6688,    4.0610,   16.9302
    2.2995,   19.4667,    0.9517,    7.4806,    4.1813,   19.8012
    2.2238,   19.9568,    0.9297,    7.8367,    3.6032,   18.5100
    2.4110,   23.2648,    0.9054,    8.0716,    4.7616,   12.4433
    2.4038,   23.4609,    0.9511,    7.3999,    3.9019,   12.1859
    2.3492,   25.2722,    0.9226,    7.9538,    4.2566,   10.1578
    2.4528,   19.8887,    0.9101,    7.3849,    4.2936,   18.6813
    2.2006,   22.6383,    0.9518,    8.8801,    4.3957,   13.3261
    2.2832,   18.4319,    0.9324,    7.4620,    4.2071,   23.0437
    2.3415,   23.9052,    0.9260,    7.8043,    4.8709,   11.6327
    2.3433,   19.4001,    0.9555,    7.8351,    3.8541,   19.9876
    2.3970,   19.0410,    0.9209,    7.7888,    3.8670,   21.0422
    2.3592,   19.9442,    0.9119,    7.7741,    4.8599,   18.5415
    2.4121,   19.9406,    0.9397,    7.4516,    4.2719,   18.5504
    2.3528,   14.2100,    0.9534,    7.5725,    4.2159,   51.7869
    2.1581,   21.5498,    0.9297,    8.2152,    4.0088,   15.1150
    2.4118,   17.3920,    0.9589,    7.5824,    3.9670,   27.2345
    2.2656,   24.7436,    0.9592,    7.4047,    4.4360,   10.6911
    2.2474,   27.0437,    0.9370,    8.0189,    4.4606,    8.6452
    2.3121,   18.9033,    0.9560,    7.5073,    4.0913,   21.4699
    2.2473,   24.7801,    0.9346,    7.7712,    4.3865,   10.6529
    2.1511,   26.2608,    0.9071,    7.5249,    3.8070,    9.2666
    2.0695,   14.7509,    0.9359,    7.4876,    3.9706,   45.5888
    2.4487,   19.1521,    0.9092,    7.7108,    4.0959,   20.7066
    2.3374,   21.6270,    0.8864,    7.4962,    4.7115,   14.9759
    2.1878,   23.6697,    0.9404,    8.0301,    4.1073,   11.9208
    2.3716,   21.5743,    0.9410,    7.8769,    3.9533,   15.0705
    2.3557,   24.7612,    0.9167,    7.6897,    4.2948,   10.6726
    2.2880,   24.9785,    0.9450,    7.5090,    4.2148,   10.4488
    2.4929,   20.7341,    0.9138,    7.6225,    4.7930,   16.7177
    2.2732,   23.8574,    0.9302,    7.6030,    4.3670,   11.6902
    2.1477,   25.1609,    0.9354,    8.3073,    4.0650,   10.2665
    2.1701,   25.9526,    0.9579,    7.6825,    4.6785,    9.5308
    2.2852,   24.5399,    0.9312,    7.3737,    4.0497,   10.9086
    2.1277,   23.0795,    0.9551,    8.2584,    3.7482,   12.6946
    2.4339,   19.6513,    0.8710,    7.4436,    4.2644,   19.2985
    2.4075,   19.1114,    0.8652,    7.4800,    4.1471,   20.8285
    2.4533,   26.6853,    0.8884,    7.7668,    4.8358,    8.9212
    2.2807,   25.1698,    0.9292,    7.9022,    4.3714,   10.2578
    2.4978,   14.3154,    0.9448,    7.5102,    4.4127,   50.4783
    2.4653,   24.6309,    0.9064,    7.3793,    4.4137,   10.8106
    2.3227,   24.5192,    0.9000,    7.7087,    4.0644,   10.9310
    2.4239,   22.4270,    0.9202,    8.1977,    4.6797,   13.6463
    2.1404,   27.2280,    0.9384,    8.0852,    4.0785,    8.5084
    2.3051,   16.0165,    0.9574,    7.9287,    4.3833,   34.9402
    2.1864,   25.1102,    0.8990,    7.5047,    4.1332,   10.3167
    2.1398,   20.9566,    0.9230,    7.5812,    3.6746,   16.2548
    2.0971,   26.1003,    0.9506,    8.0807,    4.2137,    9.4026
    2.4107,   21.4213,    0.9339,    8.0568,    4.1124,   15.3509
    2.2193,   22.8795,    0.9420,    9.1685,    4.1552,   12.9749
    2.1658,   20.0779,    0.9505,    7.6699,    3.5463,   18.2114
    2.2150,   20.2470,    0.9255,    8.3082,    4.1166,   17.8068
    2.3769,   24.5932,    0.9513,    7.4046,    4.3089,   10.8510
    2.1618,   24.9037,    0.9334,    7.4099,    4.5384,   10.5250
    2.2535,   19.0607,    0.9445,    7.7771,    4.4051,   20.9821
    2.2772,   13.5767,    0.9358,    7.3558,    4.5587,   60.9113
    2.3181,   16.9371,    0.9544,    8.0493,    4.5367,   29.4584
    2.2964,   21.9378,    0.9374,    7.3963,    4.4736,   14.4360
    2.2484,   14.6661,    0.9023,    7.3704,    4.2770,   46.4804
    2.4276,   14.8258,    0.9164,    7.7087,    4.2992,   44.8229
    2.1872,   25.7863,    0.8921,    7.4470,    4.2484,    9.6782
    1.9950,   26.8402,    0.9479,    8.2376,    3.8198,    8.8002
    2.3715,   21.9118,    0.9238,    7.9777,    4.5873,   14.4800
    2.2668,   16.1933,    0.9094,    7.7714,    4.4087,   33.7683
    2.2964,   26.2704,    0.9386,    7.6112,    4.3378,    9.2585
    2.4696,   22.9986,    0.9096,    7.7979,    4.4929,   12.8068
    2.1597,   25.8111,    0.8953,    7.4674,    4.2836,    9.6560
    2.2652,   26.7343,    0.9516,    8.2527,    4.8947,    8.8827
    2.3017,   21.0643,    0.9127,    7.7042,    4.8877,   16.0379
    2.2834,   26.5929,    0.8984,    7.4951,    3.9641,    8.9946
    2.3863,   21.3879,    0.8878,    7.5480,    4.7882,   15.4132
    2.3984,   23.2408,    0.9117,    7.4415,    3.8836,   12.4754
    2.0780,   18.7473,    0.9390,    7.9744,    4.1346,   21.9714
    2.3293,   25.4150,    0.9448,    7.6368,    4.5618,   10.0209
    2.4284,   18.5369,    0.9166,    7.4474,    4.1171,   22.6777
    2.2883,   21.3841,    0.9464,    7.9230,    4.7685,   15.4204
    2.0997,   26.1402,    0.9139,    7.4888,    4.3321,    9.3685
    2.4005,   22.2835,    0.9589,    8.3391,    4.8409,   13.8707
    2.4632,   20.8244,    0.8845,    7.4050,    3.8679,   16.5275
    2.2462,   25.0117,    0.9119,    7.9392,    4.2763,   10.4152
    2.3601,   21.2945,    0.9525,    7.5679,    3.8566,   15.5895
    2.2619,   19.7310,    0.9284,    7.3850,    4.4193,   19.0878
    2.1459,   25.1478,    0.9309,    7.5154,    4.8281,   10.2794
    2.2188,   26.1590,    0.9308,    7.5302,    4.4491,    9.3525
    2.2881,   24.6262,    0.9160,    7.3646,    4.5222,   10.8156
    2.4932,   22.3753,    0.9132,    7.4627,    4.2733,   13.7265
    2.3246,   23.0842,    0.9551,    7.4891,    3.9038,   12.6882
    2.1618,   24.1100,    0.9491,    8.1472,    4.0835,   11.3910
    2.4449,   19.6956,    0.9444,    7.8112,    4.8042,   19.1810
    2.3214,   20.3428,    0.9336,    7.8590,    4.3653,   17.5839
    2.3390,   16.4009,    0.9541,    7.9803,    4.6234,   32.4701
    2.4410,   20.0127,    0.9366,    7.4147,    4.1266,   18.3711
    2.4775,   18.0156,    0.9514,    7.8774,    4.2501,   24.5903
    2.3066,   17.3329,    0.9556,    7.7542,    4.0243,   27.5080
    2.3058,   26.3129,    0.9340,    7.9048,    4.2207,    9.2231
    2.3878,   20.6684,    0.9318,    8.1859,    3.8197,   16.8585
    2.1444,   28.0933,    0.9476,    7.3774,    4.3285,    7.9098
    2.2944,   13.4857,    0.9423,    7.5212,    4.3185,   62.4291
    2.4163,   20.3141,    0.9281,    7.9762,    4.5737,   17.6503
    2.3210,   17.8929,    0.9284,    7.5082,    3.8690,   25.0779
    2.3943,   20.1194,    0.9229,    7.8147,    4.1089,   18.1108
    2.4140,   20.1847,    0.9599,    8.0861,    4.0891,   17.9543
    2.1865,   27.2753,    0.8881,    7.3973,    4.1857,    8.4739
    2.0878,   26.0930,    0.9510,    7.7454,    4.0888,    9.4089
    2.1237,   23.8051,    0.9387,    7.5638,    4.3910,   11.7537
    2.2938,   25.0896,    0.9535,    7.8432,    4.1379,   10.3372
    2.3570,   18.9600,    0.8854,    7.7471,    4.1082,   21.2921
    2.2875,   21.5371,    0.9179,    7.7049,    3.8824,   15.1379
    2.4118,   17.5395,    0.9029,    7.3778,    3.7896,   26.5699
    2.3061,   17.5732,    0.9080,    7.6211,    3.8923,   26.4217
    2.2162,   14.0330,    0.9595,    7.6682,    4.6530,   54.1076
    2.3561,   21.1587,    0.9530,    7.7533,    4.5774,   15.8517
    2.2776,   20.3493,    0.9483,    8.3763,    3.7465,   17.5690
    2.3559,   19.2370,    0.8784,    7.7343,    4.3390,   20.4561
    2.2887,   22.5167,    0.9455,    9.0387,    4.2480,   13.5089
    2.2356,   24.2780,    0.9257,    7.7996,    4.2469,   11.1984
    2.2016,   18.4045,    0.8930,    7.5269,    4.1730,   23.1406
    2.0533,   26.2006,    0.9427,    7.7631,    4.2274,    9.3173
    2.3854,   23.8656,    0.9514,    7.4926,    3.8470,   11.6803
    2.3755,   19.8960,    0.9580,    7.8186,    3.5493,   18.6629
    2.2755,   14.8714,    0.9586,    7.7045,    3.8540,   44.3664
    2.3212,   20.1389,    0.9456,    7.3999,    3.8721,   18.0637
    2.3232,   23.1400,    0.9320,    7.7799,    4.8578,   12.6117
    2.0852,   24.2901,    0.9083,    7.6623,    3.9570,   11.1848
    2.2011,   24.6719,    0.9438,    7.7925,    4.5229,   10.7669
    2.1656,   19.8433,    0.9327,    7.8350,    3.9588,   18.7968
    2.4579,   26.1206,    0.8768,    7.8469,    4.8062,    9.3853
    2.1579,   25.0071,    0.9579,    7.4951,    4.4584,   10.4198
    2.0670,   25.7387,    0.9420,    7.7738,    4.1840,    9.7211
    2.0474,   15.5257,    0.9520,    8.1417,    3.7268,   38.5521
    2.3319,   22.3597,    0.9167,    8.9891,    4.3849,   13.7509
    2.2329,   22.7642,    0.8976,    7.6115,    3.8187,   13.1409
    2.3978,   20.0748,    0.9581,    8.0937,    4.3352,   18.2188
    2.3478,   21.9372,    0.9266,    9.0304,    4.3788,   14.4370
    2.0826,   25.4666,    0.9128,    7.4688,    4.2312,    9.9721
    2.0475,   25.8720,    0.9526,    7.9159,    4.1561,    9.6018
    2.1560,   17.8778,    0.9345,    7.8277,    4.2391,   25.1387
    2.3615,   22.3017,    0.8998,    7.7077,    4.7648,   13.8420
    2.2093,   20.6990,    0.9567,    7.3593,    4.0575,   16.7928
    2.1818,   18.4217,    0.9011,    7.5752,    4.1980,   23.0797
    2.4182,   23.4171,    0.8931,    7.7751,    4.8119,   12.2427
    2.3025,   13.8143,    0.9420,    7.6827,    4.5688,   57.2101
    2.1404,   19.7485,    0.9150,    7.6104,    4.1497,   19.0421
    2.1788,   26.0260,    0.8983,    7.4393,    4.4941,    9.4668
    2.4637,   21.1503,    0.9242,    7.3450,    4.6585,   15.8682
    2.1219,   23.9131,    0.9485,    7.4025,    4.5711,   11.6232
    2.4157,   18.9328,    0.9407,    7.5250,    4.2809,   21.3773
    2.2748,   18.7156,    0.9433,    7.3977,    4.5421,   22.0757
    2.2180,   24.7796,    0.9065,    7.4543,    4.2503,   10.6534
    2.4167,   25.9210,    0.9554,    7.7593,    4.6367,    9.5585
    2.4091,   22.2666,    0.9250,    7.7061,    3.7415,   13.8977
    2.2752,   15.2652,    0.9569,    8.1357,    4.4608,   40.7138
    2.3480,   20.7071,    0.8976,    7.8103,    4.6886,   16.7754
    2.3035,   21.1704,    0.9585,    7.4295,    3.6860,   15.8288
    2.3517,   19.0144,    0.8901,    7.4275,    3.9899,   21.1238
    2.3140,   20.7239,    0.9506,    8.1573,    4.8022,   16.7394
    2.2543,   19.9288,    0.8971,    7.8279,    4.1625,   18.5801
    2.3284,   19.6322,    0.9266,    8.1300,    3.7266,   19.3496
    2.3178,   15.7901,    0.9511,    8.0758,    4.6914,   36.5365
    2.3816,   22.1740,    0.9260,    8.7982,    4.5759,   14.0459
    2.2591,   23.7392,    0.9571,    7.5520,    4.2138,   11.8347
    2.3627,   21.9046,    0.9219,    7.7164,    3.6217,   14.4922
    2.2220,   27.1270,    0.9596,    8.4908,    4.4067,    8.5829
    2.1290,   25.3476,    0.9073,    7.6779,    3.8387,   10.0851
    2.0625,   25.6087,    0.9275,    7.4389,    4.2030,    9.8398
    2.4441,   23.1481,    0.9182,    7.5322,    3.7233,   12.6007
    2.3821,   19.1618,    0.8770,    7.6395,    4.0398,   20.6778
    2.2604,   26.8241,    0.9450,    7.9778,    4.1945,    8.8127
    2.1118,   27.4712,    0.9522,    7.5262,    3.9931,    8.3332
    2.2249,   25.6512,    0.9489,    7.5318,    4.5626,    9.8008
    2.3745,   20.7257,    0.9474,    7.4346,    4.7937,   16.7356
    2.3475,   22.8568,    0.9441,    7.4926,    3.6515,   13.0073
    2.4330,   13.8887,    0.9318,    7.3621,    4.5792,   56.1235
    2.4179,   21.9388,    0.9467,    7.8744,    3.9774,   14.4343
    2.2471,   21.8339,    0.9391,    7.7466,    4.2266,   14.6130
    2.4414,   14.7427,    0.9512,    7.5205,    4.3301,   45.6739
    2.2875,   25.1908,    0.9102,    7.6737,    4.4507,   10.2371
    2.3014,   20.6996,    0.9294,    8.5171,    4.6262,   16.7913
    2.3860,   22.2076,    0.9567,    8.6654,    4.8858,   13.9919
    2.2042,   13.7544,    0.9576,    7.3896,    3.8881,   58.1088
    2.4023,   13.4030,    0.9416,    7.6755,    4.7507,   63.8622
    2.1458,   18.9297,    0.9568,    8.0999,    3.8746,   21.3869
    2.3298,   26.6933,    0.9198,    7.9034,    4.0456,    8.9149
    2.1625,   13.8808,    0.9596,    7.5788,    4.3817,   56.2384
    2.2859,   19.2796,    0.9239,    7.8893,    3.9064,   20.3320
    2.1839,   19.4625,    0.9411,    7.9421,    4.1543,   19.8129
    2.4618,   21.0013,    0.9173,    7.8784,    4.2606,   16.1642
    2.3960,   22.0726,    0.9011,    7.8833,    4.8772,   14.2113
    2.3433,   20.0377,    0.9213,    7.7743,    4.1696,   18.3096
    2.4088,   18.6160,    0.9593,    7.6286,    4.2953,   22.4082
    2.4685,   19.0387,    0.9347,    7.5528,    4.1079,   21.0491
    2.4810,   20.0318,    0.8900,    7.5873,    4.7935,   18.3242
    2.3200,   22.8522,    0.9526,    7.5776,    3.8739,   13.0139
    2.1622,   25.8236,    0.9157,    7.6258,    3.7262,    9.6449
    2.1605,   25.8332,    0.9337,    7.6452,    4.2083,    9.6362
    2.3021,   25.1912,    0.9404,    7.6967,    4.4101,   10.2367
    2.3998,   17.0585,    0.9471,    7.4919,    4.1846,   28.8376
    2.2015,   19.3965,    0.9420,    7.6258,    3.7958,   19.9978
    2.3182,   16.9997,    0.9401,    7.6969,    3.9965,   29.1355
    2.0464,   26.2699,    0.9377,    7.4625,    3.7921,    9.2590
    2.2707,   23.0072,    0.9147,    7.3832,    4.8413,   12.7948
    2.4589,   18.6956,    0.8532,    7.6133,    4.3324,   22.1419
    2.2526,   24.7717,    0.8828,    7.4564,    3.8866,   10.6617
    2.4487,   21.7698,    0.9357,    8.2286,    4.8194,   14.7239
    2.2537,   26.0938,    0.9062,    7.6464,    4.2554,    9.4082
    2.3119,   19.3559,    0.9563,    7.9535,    3.7603,   20.1128
    2.3476,   20.7973,    0.9473,    8.6811,    4.6631,   16.5841
    2.4124,   24.0241,    0.9138,    7.8787,    4.8669,   11.4914
    2.4497,   19.9944,    0.9485,    7.8168,    3.9965,   18.4163
    2.1067,   25.2571,    0.9389,    7.5387,    3.9130,   10.1724
    2.0609,   25.1724,    0.9567,    8.0736,    3.8918,   10.2552
    2.4644,   13.9743,    0.9127,    7.6357,    4.8858,   54.9142
    2.3869,   17.6902,    0.8949,    7.5279,    4.2528,   25.9170
    2.3282,   19.5644,    0.9126,    7.6116,    3.9012,   19.5328
    2.0729,   26.7200,    0.9422,    7.6681,    4.0399,    8.8939
    2.3298,   15.6350,    0.9516,    7.7180,    4.4366,   37.6980
    2.2819,   19.1128,    0.9466,    8.3259,    4.1905,   20.8244
    2.1699,   26.0282,    0.9223,    7.7491,    4.2524,    9.4648
    2.1925,   21.7574,    0.9259,    7.6105,    3.7418,   14.7456
    2.4332,   17.5110,    0.9474,    7.5812,    4.1009,   26.6964
    2.3244,   18.3642,    0.8920,    7.6796,    4.1255,   23.2845
    2.2956,   24.8000,    0.9242,    7.7608,    4.3699,   10.6321
    2.3536,   18.4856,    0.9135,    7.7361,    4.0289,   22.8553
    2.4254,   21.1306,    0.9236,    7.9522,    3.8450,   15.9067
    2.2340,   15.3332,    0.9328,    7.4733,    4.1966,   40.1314
    2.2894,   19.8377,    0.9329,    8.0234,    4.1190,   18.8112
    2.4489,   20.2232,    0.8992,    7.5248,    4.1213,   17.8630
    2.0116,   25.7559,    0.9448,    7.7946,    4.2983,    9.7056
    2.3302,   21.5737,    0.9312,    7.4478,    4.6984,   15.0717
    2.4388,   21.2705,    0.9311,    7.6582,    4.8224,   15.6353
    2.4631,   19.3268,    0.9128,    7.9452,    4.2875,   20.1961
    2.4027,   13.5360,    0.9558,    7.6044,    4.4041,   61.5828
    2.4393,   17.8137,    0.9369,    7.3865,    3.7338,   25.4005
    2.1391,   26.3048,    0.9354,    7.7288,    4.2728,    9.2298
    2.4809,   20.5568,    0.9173,    7.6463,    3.9626,   17.1018
    2.1168,   25.4109,    0.9006,    7.5129,    4.3604,   10.0248
    2.1235,   24.9918,    0.9274,    7.4849,    4.2111,   10.4354
    2.2575,   26.0146,    0.9046,    7.6926,    3.8156,    9.4767
    2.1213,   25.8410,    0.9179,    7.5747,    4.3234,    9.6293
    2.2446,   19.6507,    0.9476,    7.6062,    3.5342,   19.3003
    2.2628,   17.8897,    0.9124,    7.9256,    3.9605,   25.0906
    2.4396,   18.3577,    0.9136,    7.4556,    4.2328,   23.3080
    2.3778,   26.3086,    0.8526,    7.3948,    4.4646,    9.2267
    2.3814,   18.4869,    0.9579,    7.8582,    4.1859,   22.8508
    2.0837,   16.7659,    0.9549,    7.9186,    3.8756,   30.3702
    2.3415,   23.4861,    0.9438,    8.4768,    4.7853,   12.1533
    2.1933,   23.9597,    0.9361,    7.4455,    4.4326,   11.5675
    2.2172,   25.2985,    0.9252,    7.4845,    4.2420,   10.1323
    2.4074,   25.3654,    0.9350,    7.4904,    4.8577,   10.0681
    2.4276,   23.3396,    0.9398,    7.4819,    3.9207,   12.3441
    2.4000,   19.2717,    0.9159,    7.8375,    3.7496,   20.3548
    2.1714,   25.7405,    0.9081,    7.5530,    4.2219,    9.7195
    2.4807,   18.8522,    0.9129,    7.3809,    4.1195,   21.6323
    2.1438,   21.4435,    0.9549,    7.3520,    4.6537,   15.3098
    2.3821,   24.6028,    0.9291,    7.4592,    3.7493,   10.8406
    2.2858,   20.7734,    0.9319,    8.4459,    4.2908,   16.6346
    2.4441,   18.6672,    0.9534,    7.8960,    4.2403,   22.2361
    2.2306,   25.1511,    0.9190,    7.8194,    4.2222,   10.2762
    2.3457,   20.0211,    0.9214,    7.7615,    4.1774,   18.3503
    2.2766,   25.2914,    0.9518,    7.6436,    4.3510,   10.1391
    2.3817,   18.5434,    0.9368,    7.4536,    4.0685,   22.6554
    2.3546,   14.3925,    0.9290,    7.4808,    4.5643,   49.5541
    2.3710,   18.0177,    0.9297,    7.5131,    4.0091,   24.5821
    2.2094,   16.4809,    0.9263,    7.8045,    4.1313,   31.9909
    2.3224,   20.9344,    0.9447,    7.4343,    4.7075,   16.3001
    2.2403,   27.0244,    0.8999,    7.3938,    4.0477,    8.6597
    2.1862,   23.8366,    0.9111,    7.8529,    4.1629,   11.7155
    2.4592,   19.3096,    0.9251,    7.5476,    4.3796,   20.2455
    2.3571,   21.7639,    0.8961,    7.7855,    4.5271,   14.7343
    2.2521,   23.8769,    0.8869,    7.6147,    3.8125,   11.6668
    2.2344,   20.7136,    0.9555,    7.9745,    4.6948,   16.7615
    2.4634,   22.3307,    0.8699,    7.6982,    4.7810,   13.7963
    2.2708,   19.1535,    0.9109,    7.4367,    4.1365,   20.7024
    2.3603,   19.6567,    0.9343,    7.4025,    4.1454,   19.2843
    2.4855,   21.3254,    0.9558,    7.7830,    4.7930,   15.5308
    2.3098,   22.9647,    0.9121,    7.8794,    4.6403,   12.8543
    2.4796,   13.8244,    0.9285,    7.5048,    4.5545,   57.0608
    2.2472,   25.4844,    0.9134,    7.6434,    4.5497,    9.9553
    2.3756,   17.2602,    0.9298,    7.9087,    4.0363,   27.8506
    2.2966,   19.5849,    0.9507,    7.6048,    4.3103,   19.4772
    2.3857,   24.1587,    0.9208,    8.1179,    4.3474,   11.3346
    2.4529,   27.2636,    0.9166,    8.0852,    4.5344,    8.4824
    2.1392,   26.1563,    0.9525,    8.2030,    3.6291,    9.3548
    2.4333,   17.5278,    0.9134,    7.5321,    3.8424,   26.6216
    2.4930,   24.9501,    0.8984,    8.0954,    4.4891,   10.4776
    2.4614,   24.2404,    0.8817,    7.4176,    4.7892,   11.2410
    2.3943,   20.9351,    0.9312,    7.8257,    4.8991,   16.2986
    2.2999,   24.5027,    0.9288,    7.6113,    4.0479,   10.9489
    2.1744,   20.2170,    0.9295,    7.5548,    3.7418,   17.8777
    2.4464,   21.8455,    0.9476,    7.5328,    4.9200,   14.5931
    2.4563,   18.4681,    0.9272,    7.3682,    3.8449,   22.9167
    2.4033,   19.6213,    0.9511,    7.6826,    4.0753,   19.3788
    2.4908,   19.8384,    0.8924,    7.3537,    3.9602,   18.8093
    2.2964,   22.9720,    0.9226,    7.7162,    4.7489,   12.8440
    2.4428,   14.1895,    0.9456,    7.5657,    4.0100,   52.0479
    2.2603,   25.0266,    0.9319,    7.5042,    4.2583,   10.4002
    2.3341,   23.7184,    0.9232,    7.4993,    3.6300,   11.8604
    2.3139,   23.1441,    0.9250,    7.9499,    3.9783,   12.6060
    2.2722,   19.4968,    0.9579,    8.1170,    3.9792,   19.7180
    2.3856,   20.0235,    0.9380,    7.5267,    4.6009,   18.3446
    2.3890,   20.0911,    0.8921,    7.5671,    4.1085,   18.1791
    2.4144,   22.3949,    0.9253,    7.8775,    4.8097,   13.6961
    2.3526,   22.1746,    0.9096,    7.6780,    4.8257,   14.0450
    2.4116,   13.9850,    0.9385,    7.6766,    4.7298,   54.7652
    2.3633,   22.9654,    0.9303,    7.7333,    3.6474,   12.8533
    2.3887,   19.4600,    0.9139,    7.5426,    4.1965,   19.8199
    2.2581,   24.6922,    0.9303,    7.4807,    4.4060,   10.7453
    2.4212,   25.5968,    0.9433,    8.0342,    4.5540,    9.8507
    2.3005,   18.0327,    0.9310,    7.3916,    4.2565,   24.5236
    2.2588,   25.2886,    0.9109,    7.4044,    4.1081,   10.1419
    2.3476,   21.2696,    0.9294,    8.1285,    4.8079,   15.6370
    2.3727,   13.7787,    0.9471,    7.4225,    4.3995,   57.7419
    2.3481,   20.6320,    0.9322,    7.5805,    4.3259,   16.9371
    2.4016,   20.0674,    0.9322,    8.0996,    4.4546,   18.2368
    2.2040,   22.6993,    0.9400,    8.4423,    3.9591,   13.2359
    2.1799,   24.4787,    0.9567,    7.7438,    4.0363,   10.9752
    2.3123,   19.3953,    0.9373,    7.4567,    3.8686,   20.0011
    2.3702,   17.3891,    0.9180,    7.5256,    3.9150,   27.2479
    2.3582,   17.3150,    0.9166,    7.4632,    3.6663,   27.5920
    2.1328,   25.6016,    0.9253,    8.0078,    3.8226,    9.8463
    2.3078,   20.0169,    0.8926,    7.4429,    4.3682,   18.3609
    2.1286,   25.8641,    0.9459,    7.4505,    4.4112,    9.6087
    2.2364,   21.7542,    0.9346,    7.7624,    3.8996,   14.7512
    2.3855,   24.2506,    0.8856,    7.8329,    4.4085,   11.2296
    2.3156,   20.3685,    0.9387,    7.9938,    3.8143,   17.5250
    2.4452,   20.5048,    0.9567,    7.6264,    3.9267,   17.2169
    2.2328,   26.9136,    0.8869,    7.6369,    4.3675,    8.7438
    2.2936,   20.9877,    0.9562,    7.5966,    4.6947,   16.1917
    2.2555,   17.5826,    0.9329,    7.5980,    3.9536,   26.3807
    2.3345,   19.8089,    0.9051,    7.7546,    4.2060,   18.8854
    2.4347,   20.3408,    0.9453,    7.7940,    3.9233,   17.5886
    2.4853,   13.6308,    0.9592,    7.5918,    4.6084,   60.0361
    2.2924,   25.8626,    0.9312,    7.8494,    4.3877,    9.6101
    2.2566,   25.7960,    0.9398,    7.5305,    4.2665,    9.6695
    2.2501,   24.2460,    0.9056,    7.3791,    4.3265,   11.2348
    2.2571,   18.9224,    0.9238,    7.3951,    3.9796,   21.4098
    2.2249,   24.4325,    0.9534,    7.9373,    4.9383,   11.0260
    2.3382,   20.3365,    0.9223,    7.4607,    4.3544,   17.5985
    2.3164,   24.8603,    0.9189,    8.0226,    4.0496,   10.5696
    2.3617,   22.9440,    0.9048,    7.5416,    3.8530,   12.8834
    2.4364,   18.9703,    0.9563,    7.4727,    4.3764,   21.2602
    2.4094,   20.8159,    0.9413,    7.7258,    4.6597,   16.5451
    2.4026,   17.6964,    0.9202,    7.4086,    4.4363,   25.8905
    2.3584,   19.7287,    0.9150,    7.5176,    4.2763,   19.0939
    2.3339,   19.3617,    0.9462,    7.3527,    4.1386,   20.0962
    2.3627,   18.7804,    0.8809,    7.5733,    4.0561,   21.8637
    2.3512,   18.6074,    0.9506,    7.6845,    3.8596,   22.4371
    2.4733,   14.1205,    0.8974,    7.4222,    4.4496,   52.9405
    2.2770,   16.2940,    0.9157,    7.5585,    4.2448,   33.1288
    2.1319,   23.9173,    0.9179,    7.4458,    3.5566,   11.6182
    2.2926,   14.6517,    0.9205,    7.3929,    4.0418,   46.6351
    2.2879,   22.0812,    0.9531,    7.9443,    3.7789,   14.1973
    2.2593,   20.3085,    0.9557,    7.7202,    3.5763,   17.6632
    2.4331,   19.5699,    0.8964,    7.5784,    4.1865,   19.5178
    2.0445,   26.1660,    0.9534,    7.4968,    4.2675,    9.3466
    2.3464,   17.5683,    0.9392,    7.5999,    4.2001,   26.4429
    2.4057,   15.2365,    0.9487,    7.7995,    4.4513,   40.9643
    2.3324,   26.2924,    0.9348,    7.9015,    4.3992,    9.2402
    2.0380,   26.2870,    0.9389,    7.4313,    4.6531,    9.2446
    2.2078,   25.7448,    0.8985,    7.7569,    4.1653,    9.7156
    2.2817,   20.3206,    0.9547,    8.4582,    4.9009,   17.6353
    2.4361,   21.6825,    0.9388,    7.4847,    4.7967,   14.8771
    2.2768,   20.7722,    0.9085,    7.5921,    4.1149,   16.6370
    2.4564,   15.3849,    0.9101,    7.5544,    4.6458,   39.6972
    2.1518,   21.0604,    0.9574,    8.7997,    4.2166,   16.0458
    2.3204,   21.0743,    0.9506,    8.0223,    4.6493,   16.0182
    2.2126,   25.3300,    0.9520,    7.6814,    4.1064,   10.1020
    2.0428,   25.7290,    0.9459,    7.6232,    4.0474,    9.7299
    2.4469,   16.5316,    0.9087,    7.6968,    4.6725,   31.6927
    2.2908,   26.1147,    0.9261,    8.2277,    3.9913,    9.3903
    2.3665,   16.0499,    0.9124,    7.7474,    4.3837,   34.7140
    2.2072,   25.2887,    0.9424,    7.3426,    4.6392,   10.1418
    2.4775,   13.3789,    0.8998,    7.4681,    4.8144,   64.2885
    2.3475,   17.5053,    0.8984,    7.4997,    4.0742,   26.7215
    2.4092,   14.1131,    0.9518,    7.7380,    4.3717,   53.0380
    2.2027,   26.6626,    0.9087,    8.0879,    4.2848,    8.9391
    2.4552,   19.3818,    0.9246,    7.6518,    3.7557,   20.0395
    2.3326,   26.5697,    0.9166,    7.7511,    4.7235,    9.0133
    2.3446,   19.2778,    0.8851,    7.6026,    4.1358,   20.3372
    2.4531,   23.2134,    0.9097,    7.3988,    3.7553,   12.5122
    2.1980,   24.8199,    0.9273,    7.5226,    4.3301,   10.6115
    2.2142,   24.2023,    0.9543,    7.9897,    4.4107,   11.2846
    2.3821,   22.1520,    0.9369,    7.5906,    3.5752,   14.0816
    2.2285,   21.0254,    0.9578,    8.1964,    3.7356,   16.1158
    2.2132,   20.8836,    0.9520,    7.6321,    3.5626,   16.4045
    2.4327,   20.9411,    0.9039,    7.8026,    4.4897,   16.2865
    2.1959,   24.9104,    0.9032,    7.8623,    4.1975,   10.5181
    2.4156,   23.3025,    0.9321,    8.3074,    4.8974,   12.3931
    2.4023,   18.5266,    0.9299,    7.5491,    3.6713,   22.7134
    2.1931,   24.1492,    0.9416,    7.6581,    3.9402,   11.3455
    2.3134,   14.2818,    0.9309,    7.5275,    4.2700,   50.8901
    2.2857,   24.3492,    0.9291,    8.6011,    4.6352,   11.1184
    2.3155,   22.2218,    0.9415,    8.0412,    4.7041,   13.9691
    2.1139,   26.2359,    0.9259,    8.2144,    4.0949,    9.2875
    2.3814,   18.4632,    0.9066,    7.7419,    4.3895,   22.9337
    2.4092,   21.2755,    0.9522,    8.0019,    3.9941,   15.6259
    2.3612,   18.5558,    0.9275,    7.5450,    3.7053,   22.6130
    2.3986,   23.1284,    0.9097,    7.8149,    4.3739,   12.6276
    2.2668,   19.9380,    0.9495,    7.3640,    4.9109,   18.5570
    2.1070,   26.1019,    0.9517,    8.0088,    4.3584,    9.4013
    2.2792,   18.7896,    0.9364,    7.4347,    4.1248,   21.8339
    2.0762,   24.3575,    0.9312,    7.5213,    4.1598,   11.1092
    2.0691,   26.0529,    0.9048,    7.3498,    3.6825,    9.4435
    2.3861,   14.8796,    0.9530,    7.9472,    4.4464,   44.2856
    2.1269,   25.8062,    0.9298,    7.5684,    4.2351,    9.6604
    2.4479,   18.5886,    0.9360,    7.7443,    4.1241,   22.5008
    2.3923,   23.0498,    0.9135,    7.4207,    3.6487,   12.7356
    2.3231,   26.3048,    0.9568,    7.8848,    4.4668,    9.2298
    2.3892,   21.4074,    0.9260,    7.4169,    4.7119,   15.3768
    2.3623,   25.1434,    0.9242,    7.5997,    4.0251,   10.2838
    2.3181,   19.7065,    0.9270,    7.4726,    4.1170,   19.1522
    2.1456,   24.3209,    0.9448,    8.4330,    4.2441,   11.1501
    2.4676,   18.2897,    0.8666,    7.6257,    4.5722,   23.5544
    2.4265,   22.4113,    0.8749,    7.5566,    4.7554,   13.6706
    2.3142,   13.5466,    0.9445,    7.5172,    4.5053,   61.4072
    2.2289,   26.4011,    0.9073,    7.8366,    4.3268,    9.1501
    2.2514,   19.1554,    0.9075,    7.4387,    4.1280,   20.6969
    2.3865,   17.4742,    0.8861,    7.3880,    4.1661,   26.8610
    2.4127,   13.5977,    0.9304,    7.3832,    4.7847,   60.5689
    2.2820,   21.0368,    0.9258,    7.4520,    4.7448,   16.0929
    2.3602,   16.5682,    0.9149,    7.8670,    4.4203,   31.4804
    2.2526,   23.0682,    0.9535,    8.9994,    4.3180,   12.7101
    2.2659,   21.8378,    0.9181,    7.5519,    4.8547,   14.6064
    2.1768,   18.7763,    0.9382,    7.7882,    4.0602,   21.8770
    2.3509,   24.2712,    0.8617,    7.3446,    3.9342,   11.2062
    2.3088,   13.4525,    0.9539,    7.6267,    4.2269,   62.9987
    2.4464,   14.2578,    0.9456,    7.6924,    3.9549,   51.1874
    2.3760,   18.3693,    0.8915,    7.6590,    4.1499,   23.2663
    2.1719,   25.3282,    0.9197,    7.8799,    4.4773,   10.1037
    2.3328,   21.6038,    0.8939,    7.3930,    4.8623,   15.0174
    2.2726,   19.2749,    0.9569,    7.8769,    3.9190,   20.3456
    2.3020,   15.9328,    0.9135,    7.6028,    4.6834,   35.5175
    2.3324,   15.1162,    0.9418,    8.3922,    4.5609,   42.0384
    2.1682,   26.7403,    0.9241,    8.0595,    4.2361,    8.8779
    2.4722,   19.4101,    0.9099,    7.7113,    4.0275,   19.9595
    2.3797,   13.8689,    0.9516,    7.6032,    4.5802,   56.4102
    2.2744,   18.8920,    0.9152,    7.4763,    4.1357,   21.5056
    2.2904,   18.0993,    0.9516,    7.8402,    3.9689,   24.2665
    2.4150,   19.2494,    0.9384,    7.8580,    3.7200,   20.4198
    2.2122,   25.9884,    0.9064,    7.7051,    4.3240,    9.4994
    2.0821,   25.2627,    0.9362,    7.5970,    4.2412,   10.1670
    2.2819,   20.3289,    0.9374,    8.0720,    4.0072,   17.6160
    2.3526,   20.5928,    0.9393,    8.1433,    4.1647,   17.0225
    2.4190,   18.5974,    0.9320,    7.3919,    3.9434,   22.4709
    2.3552,   18.5472,    0.8956,    7.6501,    4.2008,   22.6423
    2.2098,   27.1907,    0.9324,    8.7132,    4.2486,    8.5358
    2.1333,   26.4537,    0.9078,    7.4560,    4.3580,    9.1071
    2.2475,   16.0979,    0.9545,    7.8430,    4.5202,   34.3932
    2.3440,   16.7533,    0.9246,    8.2949,    4.5198,   30.4393
    2.1992,   21.0938,    0.9208,    8.0167,    3.8062,   15.9794
    2.3474,   19.3522,    0.9135,    7.6664,    3.9379,   20.1234
    1.9990,   25.4395,    0.9597,    8.1508,    4.0527,    9.9977
    2.3884,   25.5438,    0.9268,    8.2885,    4.3430,    9.8998
    2.2379,   16.8423,    0.9021,    7.3980,    4.2224,   29.9580
    2.4224,   22.0680,    0.9512,    7.5906,    3.7300,   14.2189
    2.3305,   15.3866,    0.9453,    8.1036,    4.5798,   39.6831
    2.3612,   20.5959,    0.9208,    7.7286,    4.8515,   17.0158
    2.3888,   14.2076,    0.9256,    7.3905,    4.4615,   51.8177
    2.4486,   13.1683,    0.9535,    7.7220,    4.6895,   68.2212
    2.3186,   23.2828,    0.9515,    8.8124,    4.6795,   12.4193
    2.1588,   25.7732,    0.9320,    7.3919,    4.3336,    9.6900
    2.1926,   19.6150,    0.9497,    8.5327,    3.9633,   19.3959
    2.4869,   25.8921,    0.9425,    7.3996,    4.8661,    9.5840
    2.3623,   18.9733,    0.8791,    7.4451,    4.2949,   21.2508
    2.1837,   23.6663,    0.9574,    7.6435,    4.4806,   11.9250
    2.0869,   25.9625,    0.9297,    7.5218,    4.5095,    9.5220
    2.2797,   20.5094,    0.9597,    7.7393,    3.8001,   17.2068
    2.1209,   25.0399,    0.9499,    7.7622,    4.2355,   10.3869
    2.2020,   19.5665,    0.9349,    8.0238,    4.1987,   19.5271
    2.4160,   24.5404,    0.9489,    7.5024,    3.7341,   10.9079
    2.3146,   25.2116,    0.9187,    7.4022,    4.1879,   10.2167
    2.2806,   27.0062,    0.9049,    7.9722,    4.3226,    8.6734
    2.0495,   23.0619,    0.9529,    8.0990,    3.9272,   12.7189
    2.1573,   27.2312,    0.9375,    7.5272,    4.1516,    8.5061
    2.3709,   23.4198,    0.9217,    8.4302,    4.7212,   12.2391
    2.3641,   25.3260,    0.8635,    7.5328,    4.4101,   10.1058
    2.3882,   13.8010,    0.9380,    7.4577,    4.6624,   57.4074
    2.4310,   16.3158,    0.9324,    7.7226,    4.6983,   32.9925
    2.2925,   22.8321,    0.9410,    8.8428,    4.5175,   13.0427
    2.3841,   18.7326,    0.9512,    8.0640,    4.0773,   22.0197
    2.2782,   26.2580,    0.8850,    7.5477,    4.3309,    9.2689
    2.1734,   26.2441,    0.9154,    7.6267,    4.6100,    9.2806
    2.3539,   24.8972,    0.9067,    7.7589,    4.2055,   10.5317
    2.3806,   19.1431,    0.9374,    7.3577,    4.2273,   20.7335
    2.2188,   18.9102,    0.9009,    7.5723,    4.1682,   21.4481
    2.3294,   23.8632,    0.9383,    7.6621,    3.8878,   11.6833
    2.1591,   26.0390,    0.9582,    8.3484,    4.2265,    9.4555
    2.3676,   24.9922,    0.8811,    7.4083,    4.0720,   10.4350
    2.3809,   21.9083,    0.9061,    7.5097,    4.5586,   14.4859
    2.1382,   26.1586,    0.9077,    7.4097,    4.0332,    9.3529
    2.2134,   19.4288,    0.9109,    7.7762,    4.1528,   19.9070
    2.2768,   20.8602,    0.8863,    7.5179,    4.3375,   16.4530
    2.4585,   25.4525,    0.8485,    7.4574,    4.7292,    9.9854
    2.2795,   18.2392,    0.9539,    7.4853,    4.4468,   23.7400
    2.1064,   21.1013,    0.9545,    8.3993,    3.7876,   15.9645
    2.4216,   20.7818,    0.9053,    7.4694,    4.8297,   16.6167
    2.2522,   26.9279,    0.9494,    8.2462,    3.8799,    8.7329
    2.1819,   24.2576,    0.9568,    8.0426,    4.4235,   11.2215
    2.1465,   24.3138,    0.9290,    7.6462,    4.4124,   11.1581
    2.3259,   20.8550,    0.9578,    8.7888,    4.4924,   16.4638
    2.1916,   19.9177,    0.9530,    7.9845,    4.2397,   18.6080
    2.3418,   23.4759,    0.9440,    8.3304,    4.5552,   12.1665
    2.4814,   21.5379,    0.9029,    7.6680,    4.7492,   15.1366
    2.3155,   18.6578,    0.8795,    7.6130,    4.3741,   22.2676
    2.0763,   23.8530,    0.9399,    7.4175,    4.4432,   11.6956
    2.3017,   21.2317,    0.9430,    7.8685,    4.0555,   15.7098
    2.2989,   23.8204,    0.8909,    7.5538,    4.1008,   11.7351
    2.3530,   19.4662,    0.8761,    7.4618,    4.2594,   19.8027
    2.3809,   18.7669,    0.9351,    7.6257,    4.3672,   21.9074
    2.2086,   21.1607,    0.9287,    7.9221,    3.6219,   15.8479
    2.3753,   22.0713,    0.9069,    8.2259,    4.4702,   14.2135
    2.3841,   13.7058,    0.9408,    7.3701,    4.1000,   58.8543
    2.4675,   19.9676,    0.9426,    7.4633,    4.3556,   18.4829
    2.4935,   16.6970,    0.9573,    7.8968,    4.3496,   30.7500
    2.4463,   19.9457,    0.9531,    8.1508,    4.5097,   18.5378
    2.3882,   19.1387,    0.9261,    7.6582,    4.0936,   20.7468
    2.3651,   19.7643,    0.9567,    7.7165,    4.1631,   19.0009
    2.3479,   20.0766,    0.9314,    8.2235,    3.7196,   18.2144
    2.1333,   24.8615,    0.9436,    7.7285,    3.8380,   10.5684
    2.4381,   19.7922,    0.9061,    7.3867,    4.1837,   18.9284
    2.3465,   20.9607,    0.9401,    7.9075,    4.8352,   16.2465
    2.3537,   19.6760,    0.9174,    7.6151,    4.7627,   19.2330
    2.4522,   20.4031,    0.9214,    7.6872,    4.1521,   17.4458
    2.2374,   25.6494,    0.9502,    7.7413,    4.8822,    9.8024
    2.0326,   25.5026,    0.9327,    7.6712,    3.8354,    9.9383
    2.3141,   25.7586,    0.8746,    7.6060,    4.3608,    9.7031
    2.2638,   19.6814,    0.9465,    7.9588,    3.6795,   19.2187
    2.2190,   25.4332,    0.9421,    7.6782,    4.3710,   10.0036
    2.3460,   21.2364,    0.8843,    7.3859,    4.6270,   15.7008
    2.1817,   18.9828,    0.9396,    7.5543,    4.3958,   21.2214
    2.3986,   20.0489,    0.9280,    7.6254,    4.3821,   18.2822
    2.4017,   15.5169,    0.9369,    7.9690,    4.4031,   38.6221
    2.3434,   22.9889,    0.9492,    7.5475,    3.8975,   12.8204
    2.2897,   20.7739,    0.9228,    7.6838,    3.7744,   16.6334
    2.4480,   24.6754,    0.8656,    7.3850,    4.4241,   10.7631
    2.4204,   20.9101,    0.9224,    7.5252,    4.7438,   16.3498
    2.4280,   24.0122,    0.9584,    7.5624,    4.4458,   11.5053
    2.3646,   19.8555,    0.9055,    7.8314,    4.1125,   18.7658
    2.1619,   27.7995,    0.9324,    8.4705,    4.0694,    8.1054
    2.3061,   21.0238,    0.9103,    7.4016,    4.8315,   16.1191
    2.3052,   19.0012,    0.9033,    7.3927,    4.3576,   21.1645
    2.4597,   19.5951,    0.8788,    7.4484,    4.2087,   19.4495
    2.1081,   20.1334,    0.9191,    7.7686,    3.9383,   18.0770
    2.2909,   23.9616,    0.8896,    7.5293,    3.8052,   11.5653
    2.3982,   19.6334,    0.8877,    7.3611,    3.8696,   19.3463
    2.2111,   17.0266,    0.9058,    7.3648,    4.2083,   28.9986
    2.2126,   27.1425,    0.8910,    7.4227,    4.4930,    8.5714
    2.3891,   21.3869,    0.8807,    7.4174,    4.8507,   15.4152
    2.1213,   14.7732,    0.9431,    7.7053,    3.8578,   45.3587
    2.3657,   18.5191,    0.9235,    8.1210,    4.1815,   22.7391
    2.3297,   25.1412,    0.9501,    7.4650,    4.6144,   10.2859
    2.3177,   19.5978,    0.9370,    7.9564,    4.1894,   19.4422
    2.3769,   14.4342,    0.9172,    7.3714,    4.7563,   49.0651
    2.3978,   20.6295,    0.9570,    8.5448,    4.7158,   16.9426
    2.1173,   25.5965,    0.9283,    7.7647,    3.8047,    9.8510
    2.4939,   14.8472,    0.9310,    7.5598,    4.6080,   44.6079
    2.2498,   18.9358,    0.9091,    7.6212,    4.2825,   21.3676
    2.3004,   17.9043,    0.9225,    7.4588,    4.0242,   25.0318
    2.3528,   24.8888,    0.9555,    8.0525,    4.6746,   10.5403
    2.1954,   20.3380,    0.9284,    8.2058,    3.8157,   17.5950
    2.4394,   18.6643,    0.8920,    7.3967,    4.1250,   22.2458
    2.3214,   21.0300,    0.9250,    7.9781,    4.7363,   16.1066
    2.4490,   21.9038,    0.9009,    7.4228,    4.6343,   14.4935
    2.4134,   19.2252,    0.9094,    7.8244,    4.3007,   20.4905
    2.3071,   20.0958,    0.9098,    7.3647,    4.0609,   18.1679
    2.3242,   21.5136,    0.9452,    8.7521,    4.5480,   15.1809
    2.3811,   21.9432,    0.9453,    7.7363,    3.8843,   14.4269
    2.2912,   22.0700,    0.9110,    7.5917,    3.9829,   14.2156
    2.3818,   21.3828,    0.9226,    8.0015,    3.8747,   15.4227
    2.3973,   19.1350,    0.8589,    7.4886,    4.2874,   20.7577
    2.2154,   17.9970,    0.9477,    7.5453,    4.2306,   24.6633
    2.3653,   17.1067,    0.9174,    7.6619,    4.5860,   28.5968
    2.4743,   19.4872,    0.9202,    7.6594,    3.8006,   19.7444
    2.3109,   14.9766,    0.9308,    7.3899,    4.9009,   43.3420
    2.3597,   21.6262,    0.9543,    7.8080,    4.0065,   14.9772
    2.3474,   19.9082,    0.9463,    7.5546,    3.9029,   18.6321
    2.3006,   19.7549,    0.9241,    7.6868,    4.4087,   19.0254
    2.4273,   19.7628,    0.9085,    7.3751,    4.1120,   19.0048
    2.3420,   24.7201,    0.9038,    7.7984,    4.6949,   10.7159
    2.4345,   20.5792,    0.8971,    7.3491,    4.9406,   17.0525
    2.1806,   25.5737,    0.9029,    7.6636,    4.2504,    9.8721
    2.2459,   17.4669,    0.9300,    7.9610,    4.5887,   26.8939
    2.4676,   19.8390,    0.9055,    7.6417,    4.1562,   18.8078
    2.2112,   19.0945,    0.9592,    7.4075,    3.6346,   20.8797
    2.1030,   24.2669,    0.9382,    7.9467,    3.8697,   11.2110
    2.1297,   20.2405,    0.9504,    7.7621,    3.6143,   17.8221
    2.1210,   26.6444,    0.9537,    7.4512,    4.4346,    8.9536
    2.2869,   22.4063,    0.9452,    8.5142,    4.6627,   13.6784
    2.4863,   24.7945,    0.8923,    7.7372,    4.4776,   10.6379
    2.4665,   18.9640,    0.9138,    7.4858,    4.2106,   21.2798
    2.1014,   25.3531,    0.8935,    7.4985,    3.7491,   10.0798
    2.3949,   23.1844,    0.9230,    7.8095,    3.8292,   12.5513
    2.4421,   20.8460,    0.9140,    7.5980,    4.8362,   16.4825
    2.3608,   19.5972,    0.9197,    7.6012,    4.0336,   19.4438
    2.3968,   19.3262,    0.8918,    7.6819,    4.1782,   20.1977
    2.4477,   13.7848,    0.9294,    8.0397,    3.8695,   57.6502
    2.3369,   24.2329,    0.9298,    7.7166,    4.8599,   11.2496
    2.3131,   18.1147,    0.9171,    7.9707,    4.2846,   24.2076
    2.4601,   19.0856,    0.9570,    7.4337,    4.1018,   20.9064
    2.3976,   13.3400,    0.9564,    7.4759,    4.6134,   64.9870
    2.3640,   19.1585,    0.9230,    7.3944,    3.9692,   20.6878
    2.2628,   19.4162,    0.9263,    7.8385,    4.0918,   19.9422
    2.3568,   24.7871,    0.9098,    7.6338,    4.7879,   10.6455
    2.3850,   26.1069,    0.9373,    7.6863,    4.4236,    9.3970
    2.3996,   22.2888,    0.9449,    8.6523,    4.7487,   13.8624
    2.3705,   19.4476,    0.9085,    7.5398,    3.9731,   19.8545
    2.3752,   25.0575,    0.9164,    7.3943,    4.6821,   10.3693
    2.3730,   15.0014,    0.9024,    7.5154,    4.2461,   43.1061
    2.4428,   14.5027,    0.9497,    7.6135,    4.7883,   48.2781
    2.2741,   24.5656,    0.9544,    7.4728,    4.8635,   10.8808
    2.4560,   17.7684,    0.9582,    7.5447,    4.3225,   25.5882
    2.2847,   26.4773,    0.8920,    7.5816,    4.0981,    9.0878
    2.2317,   22.3128,    0.9454,    7.3901,    4.5966,   13.8245
    2.3348,   20.1109,    0.8920,    7.8574,    4.2584,   18.1314
    2.1982,   20.9853,    0.9523,    8.2066,    4.5737,   16.1966
    2.3634,   21.9548,    0.9253,    7.4785,    3.5988,   14.4074
    2.4437,   24.8550,    0.9240,    8.0411,    4.4309,   10.5751
    2.1172,   21.5856,    0.9102,    7.4575,    3.8648,   15.0501
    2.4918,   24.1921,    0.9188,    7.7162,    4.5110,   11.2962
    2.3280,   24.7656,    0.9511,    7.9799,    4.0102,   10.6680
    2.4707,   19.5102,    0.9173,    7.6604,    4.1123,   19.6810
    2.3949,   21.2166,    0.9458,    7.5407,    4.8292,   15.7391
    2.2305,   17.4169,    0.9512,    7.4066,    3.8760,   27.1206
    2.4384,   19.8907,    0.9084,    7.5532,    4.0275,   18.6762
    2.4266,   18.2471,    0.8918,    7.4503,    3.9363,   23.7107
    2.2077,   21.2136,    0.9585,    7.8843,    3.8806,   15.7449
    2.4976,   21.6006,    0.9111,    7.6500,    4.7934,   15.0232
    2.2978,   19.4727,    0.9453,    7.4898,    3.9060,   19.7847
    2.3815,   27.0491,    0.8729,    7.3519,    4.1377,    8.6411
    2.4405,   14.4146,    0.9372,    7.4454,    4.2230,   49.2939
    2.2382,   26.2303,    0.9317,    7.9431,    4.2300,    9.2922
    2.1688,   16.5935,    0.9422,    7.4048,    4.6353,   31.3345
    2.4088,   20.0737,    0.9524,    7.5472,    4.2266,   18.2215
    2.3766,   23.1141,    0.9493,    7.8063,    3.8687,   12.6470
    2.3780,   21.1825,    0.9210,    8.0749,    3.7565,   15.8053
    2.1596,   21.1649,    0.9553,    8.2129,    4.4348,   15.8395
    2.4021,   14.4670,    0.9311,    7.7155,    4.2913,   48.6858
    2.3508,   20.1072,    0.9458,    8.0830,    3.9297,   18.1402
    2.4671,   22.7604,    0.8988,    7.3618,    3.7359,   13.1465
    2.3627,   21.2058,    0.9299,    7.8595,    3.6828,   15.7601
    2.3323,   18.2030,    0.9260,    7.5229,    3.9116,   23.8747
    2.0265,   25.4098,    0.9580,    7.4586,    4.6801,   10.0258
    2.3494,   14.5054,    0.9349,    7.5955,    4.3569,   48.2486
    2.2508,   24.2238,    0.9055,    7.6849,    4.5394,   11.2600
    2.2358,   15.2578,    0.9384,    7.6574,    4.7415,   40.7784
    2.3014,   24.7150,    0.9429,    7.6998,    4.3035,   10.7212
    2.0695,   25.3942,    0.9461,    8.0025,    4.1593,   10.0407
    2.3467,   19.6688,    0.9267,    7.4418,    4.0293,   19.2519
    2.1296,   19.6757,    0.9296,    7.3522,    4.1360,   19.2337
    2.4359,   13.5027,    0.9352,    7.5509,    4.7406,   62.1407
    2.3285,   19.6004,    0.8848,    7.5249,    3.9816,   19.4351
    2.1055,   25.4153,    0.9521,    7.4595,    4.1206,   10.0206
    2.3020,   19.2165,    0.9133,    7.5900,    4.1712,   20.5160
    2.3927,   24.1658,    0.9401,    7.6148,    3.6818,   11.3264
    2.2821,   22.5190,    0.9220,    7.9307,    3.8806,   13.5054
    2.0818,   24.1554,    0.9417,    7.6570,    4.3298,   11.3385
    2.3895,   21.3709,    0.9129,    7.8795,    4.8282,   15.4451
    2.1106,   24.5619,    0.9561,    7.7472,    4.0233,   10.8847
    2.2689,   22.0780,    0.9518,    7.5000,    4.8472,   14.2025
    2.0714,   27.6001,    0.9433,    7.4903,    4.1665,    8.2426
    2.3760,   21.5100,    0.9234,    7.6015,    3.8058,   15.1875
    2.1641,   25.0471,    0.9108,    7.5015,    4.1583,   10.3796
    2.3161,   22.1568,    0.9166,    7.4649,    3.8335,   14.0739
    2.4246,   23.7994,    0.9597,    7.3966,    3.9955,   11.7608
    2.1075,   25.1897,    0.9577,    7.7500,    4.4579,   10.2382
    2.0824,   24.5481,    0.9254,    7.7776,    4.0101,   10.8997
    2.4190,   26.5095,    0.9227,    7.5208,    4.5273,    9.0617
    2.3445,   15.5456,    0.9316,    7.7875,    4.3190,   38.3944
    2.3380,   18.3900,    0.9432,    7.7377,    4.0564,   23.1923
    2.4309,   17.9831,    0.9115,    7.3887,    4.3127,   24.7182
    2.2549,   19.7805,    0.9458,    7.7041,    4.2441,   18.9588
    2.4778,   19.0147,    0.9067,    7.3848,    4.1488,   21.1227
    2.3692,   17.6437,    0.8792,    7.3735,    4.0426,   26.1159
    2.4516,   13.9338,    0.9516,    7.7956,    4.0540,   55.4810
    2.3431,   25.8198,    0.9327,    7.4578,    4.4193,    9.6482
    2.3508,   21.3455,    0.8828,    7.6548,    3.9014,   15.4929
    2.2631,   18.7908,    0.9332,    7.9619,    4.1992,   21.8299
    2.4197,   18.9780,    0.9150,    7.7924,    4.1349,   21.2362
    2.2486,   19.9913,    0.9525,    8.5677,    4.0220,   18.4240
    2.1005,   23.2661,    0.9462,    7.3613,    4.5574,   12.4416
    2.2166,   21.4895,    0.9216,    7.5758,    4.6367,   15.2250
    2.3384,   18.6103,    0.8859,    7.7822,    3.9666,   22.4275
    2.4398,   14.2041,    0.9217,    7.7139,    4.6309,   51.8619
    2.3725,   23.0993,    0.8870,    7.5688,    4.9264,   12.6673
    2.2513,   16.5032,    0.9467,    7.6008,    4.3241,   31.8589
    2.1528,   24.9898,    0.9479,    7.4267,    4.3141,   10.4373
    2.1330,   24.8000,    0.9339,    7.4225,    4.2334,   10.6321
    2.1233,   24.8002,    0.9481,    7.4403,    4.0672,   10.6319
    2.4014,   16.3799,    0.9591,    7.4402,    4.4514,   32.5979
    2.4492,   14.2255,    0.9276,    7.4180,    4.2715,   51.5912
    2.3243,   17.7476,    0.9122,    7.6828,    4.0174,   25.6749
    2.2146,   24.2162,    0.8972,    7.7050,    4.2935,   11.2687
    2.2999,   18.6962,    0.9281,    7.6348,    4.1207,   22.1398
    2.4055,   13.7373,    0.9124,    7.6499,    4.7490,   58.3704
    2.3374,   16.6550,    0.9256,    7.6625,    4.4379,   30.9852
    2.3213,   19.6904,    0.9216,    7.6323,    4.1711,   19.1948
    2.2371,   22.5766,    0.9274,    7.7659,    3.6192,   13.4184
    2.3146,   20.9606,    0.9147,    7.8377,    4.0560,   16.2468
    2.0857,   26.5003,    0.9017,    7.4272,    4.0779,    9.0692
    2.3217,   14.3575,    0.9146,    7.5881,    4.3531,   49.9710
    2.1908,   24.7374,    0.9352,    7.5229,    4.3587,   10.6976
    2.3592,   22.4931,    0.9117,    7.5049,    4.6687,   13.5448
    2.1865,   16.8737,    0.9377,    7.9197,    4.1882,   29.7909
    2.4770,   20.9956,    0.9016,    7.6223,    3.9267,   16.1758
    2.3578,   15.6775,    0.9246,    8.1045,    4.4358,   37.3742
    2.3370,   25.4636,    0.9371,    7.5734,    4.2692,    9.9749
    2.4371,   19.5972,    0.9378,    7.4613,    4.3948,   19.4437
    2.3354,   18.9370,    0.9498,    7.8049,    3.9304,   21.3641
    2.2631,   23.5613,    0.9380,    7.7718,    4.7229,   12.0573
    2.2789,   21.1001,    0.9488,    8.5826,    4.2655,   15.9669
    2.2825,   22.2699,    0.9319,    7.4371,    4.9151,   13.8923
    2.3761,   14.3733,    0.9567,    8.4302,    4.6209,   49.7823
    2.3807,   19.2664,    0.9469,    7.4751,    3.9449,   20.3704
    2.2344,   26.0105,    0.9232,    7.5360,    4.4449,    9.4802
    2.3091,   19.5188,    0.9014,    7.5571,    4.0928,   19.6574
    2.2844,   20.8900,    0.9344,    8.4525,    4.1525,   16.3913
    2.4888,   24.5553,    0.9121,    7.9945,    4.7327,   10.8919
    2.2941,   24.0384,    0.8830,    7.4637,    4.4471,   11.4745
    1.9800,   25.6571,    0.9475,    7.7796,    4.0395,    9.7953
    2.4486,   25.1386,    0.8909,    7.8787,    4.3236,   10.2885
    2.4399,   20.2078,    0.9494,    7.9036,    4.0728,   17.8995
    2.0703,   21.8844,    0.9451,    8.2586,    4.0377,   14.5266
    2.1925,   21.6497,    0.9254,    8.4016,    4.1176,   14.9353
    2.3152,   25.0232,    0.9375,    8.0841,    4.4750,   10.4036
    2.4898,   21.6601,    0.9581,    7.5474,    4.7451,   14.9168
    2.3907,   21.3425,    0.9208,    7.5960,    3.6733,   15.4985
    2.3794,   20.4295,    0.9554,    7.4476,    4.6534,   17.3861
    2.3834,   14.1657,    0.9149,    7.5596,    4.6260,   52.3530
    2.4130,   17.5016,    0.9046,    7.4671,    3.9563,   26.7383
    2.2547,   26.0115,    0.8692,    7.5945,    4.1833,    9.4793
    2.3816,   27.1967,    0.9205,    8.0592,    4.8024,    8.5314
    2.2326,   22.3747,    0.9493,    8.5640,    4.1487,   13.7275
    2.4592,   19.6575,    0.8997,    7.5674,    3.9895,   19.2822
    2.3604,   18.8125,    0.9577,    7.5714,    4.1471,   21.7597
    2.4358,   20.6366,    0.9085,    7.5764,    4.9154,   16.9272
    2.3418,   19.3623,    0.9170,    7.6200,    3.9820,   20.0945
    2.4948,   13.3255,    0.9352,    7.8654,    4.6285,   65.2516
    2.3253,   23.7397,    0.9388,    7.9957,    3.7125,   11.8340
    2.1948,   21.0567,    0.9523,    8.4415,    4.2610,   16.0532
    2.4942,   19.9163,    0.9135,    7.5958,    4.1329,   18.6115
    2.2850,   25.3152,    0.9138,    7.5530,    3.9689,   10.1163
    2.3385,   20.7190,    0.9563,    8.8795,    4.6151,   16.7499
    1.9831,   26.3849,    0.9543,    7.8032,    4.0986,    9.1635
    2.2499,   20.7687,    0.9399,    7.9414,    3.7975,   16.6445
    2.3697,   20.3649,    0.9157,    7.6635,    4.3729,   17.5332
    2.3462,   26.3111,    0.9459,    7.6526,    4.3103,    9.2245
    2.1730,   24.6766,    0.9445,    7.4915,    4.3250,   10.7619
    2.1430,   27.4068,    0.9234,    7.9194,    4.3552,    8.3790
    2.1810,   13.7997,    0.9544,    7.3538,    3.8228,   57.4280
    2.3895,   18.6756,    0.8959,    7.6621,    4.1558,   22.2083
    2.2602,   16.7086,    0.9583,    7.3427,    4.2246,   30.6858
    2.2532,   21.1533,    0.9432,    7.7551,    4.5359,   15.8622
    2.4845,   24.9988,    0.9171,    7.7490,    4.4955,   10.4283
    2.4228,   26.4157,    0.9233,    7.8685,    4.5925,    9.1381
    2.2296,   20.8536,    0.9178,    7.6867,    3.7894,   16.4667
    2.4201,   20.6689,    0.9577,    7.3869,    4.7786,   16.8575
    2.1699,   20.1757,    0.9029,    7.4477,    3.8006,   17.9757
    2.3281,   24.5765,    0.8799,    7.7950,    4.4370,   10.8690
    2.2227,   22.7574,    0.9387,    7.7313,    3.7142,   13.1509
