Basal lumen diameter (mm),Infill density,Taper ratio,Cochlear width (mm),Cochlear height (mm),Matrix resistivity (kohm.cm)
2.50E+00,2.08E+01,9.37E-01,1.02E+01,4.05E+00,1.83E+01
2.44E+00,3.10E+01,9.39E-01,8.96E+00,4.68E+00,6.82E+00
2.43E+00,2.50E+01,9.52E-01,8.88E+00,4.45E+00,11.32363741
2.38E+00,2.16E+01,9.38E-01,1.01E+01,4.05E+00,16.45704689
2.46E+00,3.12E+01,9.52E-01,8.81E+00,4.76E+00,6.735343016
2.40E+00,2.97E+01,9.56E-01,8.92E+00,4.52E+00,7.511023078
2.44E+00,3.06E+01,9.14E-01,8.91E+00,4.41E+00,7.011918688
2.45E+00,3.19E+01,9.25E-01,8.81E+00,4.61E+00,6.372968722
2.47E+00,2.81E+01,9.51E-01,9.03E+00,4.11E+00,8.589581533
2.49E+00,2.34E+01,9.47E-01,9.80E+00,4.44E+00,13.41282763
2.41E+00,2.51E+01,9.55E-01,9.66E+00,3.98E+00,11.25797622
2.49E+00,2.68E+01,9.27E-01,9.90E+00,3.79E+00,9.568451701
2.48E+00,2.55E+01,9.33E-01,9.02E+00,4.18E+00,10.80196448
2.48E+00,2.71E+01,9.48E-01,9.63E+00,3.72E+00,9.356066065
2.49E+00,2.78E+01,9.14E-01,8.88E+00,4.41E+00,8.80162252
2.49E+00,2.93E+01,9.16E-01,8.96E+00,4.62E+00,7.785622095
2.43E+00,2.35E+01,9.55E-01,9.08E+00,4.38E+00,13.2883721
2.47E+00,3.12E+01,9.45E-01,8.77E+00,4.60E+00,6.707461941
2.49E+00,2.40E+01,9.44E-01,9.06E+00,4.26E+00,12.62876719
2.46E+00,2.88E+01,9.27E-01,9.21E+00,4.42E+00,8.060350898
2.49E+00,2.92E+01,9.54E-01,9.27E+00,4.00E+00,7.810186046
2.44E+00,2.32E+01,9.44E-01,9.67E+00,4.30E+00,13.68946493
2.44E+00,3.09E+01,9.25E-01,8.89E+00,4.25E+00,6.849391789
2.39E+00,2.94E+01,9.57E-01,8.80E+00,3.94E+00,7.701542426
2.38E+00,3.04E+01,9.50E-01,8.92E+00,4.51E+00,7.136314317
2.40E+00,2.96E+01,9.58E-01,8.82E+00,4.66E+00,7.585776103
2.45E+00,3.12E+01,9.21E-01,8.63E+00,4.68E+00,6.700132681
2.47E+00,2.53E+01,9.46E-01,9.05E+00,4.34E+00,11.00928599
2.50E+00,3.00E+01,9.08E-01,9.14E+00,4.35E+00,7.347682434
2.38E+00,2.74E+01,9.41E-01,9.35E+00,4.27E+00,9.059574537
2.46E+00,3.11E+01,9.54E-01,8.47E+00,4.45E+00,6.745947692
2.41E+00,2.79E+01,9.55E-01,8.89E+00,4.00E+00,8.723330747
2.40E+00,2.59E+01,9.55E-01,8.98E+00,4.17E+00,10.40147832
2.46E+00,2.74E+01,9.38E-01,8.69E+00,4.43E+00,9.077980912
2.40E+00,2.48E+01,9.49E-01,9.53E+00,4.33E+00,11.64831246
2.46E+00,3.07E+01,9.45E-01,8.75E+00,4.62E+00,6.960565549
2.49E+00,2.96E+01,9.50E-01,8.74E+00,4.71E+00,7.605972174
2.48E+00,2.56E+01,9.56E-01,9.95E+00,3.66E+00,10.77236216
2.44E+00,2.32E+01,9.38E-01,1.05E+01,3.71E+00,13.64481634
2.46E+00,2.59E+01,9.42E-01,8.81E+00,4.23E+00,10.43401779
2.44E+00,2.85E+01,9.60E-01,8.66E+00,4.25E+00,8.259978183
2.43E+00,2.45E+01,9.57E-01,9.85E+00,3.66E+00,11.9772846
2.45E+00,2.48E+01,9.58E-01,1.01E+01,3.81E+00,11.61721269
2.46E+00,2.51E+01,9.43E-01,9.88E+00,3.86E+00,11.26056741
2.40E+00,2.40E+01,9.44E-01,9.60E+00,4.25E+00,12.57526774
2.44E+00,2.70E+01,9.48E-01,9.51E+00,3.95E+00,9.461061508
2.49E+00,3.15E+01,9.59E-01,8.09E+00,4.72E+00,6.554732069
2.43E+00,2.65E+01,9.55E-01,8.92E+00,4.46E+00,9.813469662
2.48E+00,2.27E+01,9.46E-01,9.53E+00,4.33E+00,14.43252821
2.50E+00,2.55E+01,9.48E-01,8.95E+00,4.50E+00,10.84580731
2.39E+00,2.24E+01,9.35E-01,1.03E+01,3.99E+00,14.96102281
2.48E+00,2.81E+01,9.60E-01,8.69E+00,4.64E+00,8.532219385
2.39E+00,2.60E+01,9.58E-01,9.07E+00,4.24E+00,10.3409407
2.33E+00,2.72E+01,9.51E-01,9.51E+00,4.21E+00,9.25215196
2.46E+00,3.07E+01,9.59E-01,8.81E+00,4.72E+00,6.991947056
2.40E+00,2.59E+01,9.46E-01,9.20E+00,4.13E+00,10.46710148
2.45E+00,3.25E+01,9.35E-01,9.16E+00,4.03E+00,6.12307833
2.42E+00,3.13E+01,9.46E-01,8.55E+00,4.38E+00,6.659705041
2.45E+00,2.99E+01,9.32E-01,9.02E+00,4.56E+00,7.40245771
2.37E+00,3.07E+01,9.54E-01,8.83E+00,4.22E+00,6.96138682
2.45E+00,2.17E+01,9.57E-01,1.01E+01,3.99E+00,16.24963604
2.49E+00,3.41E+01,9.44E-01,8.64E+00,4.23E+00,5.498376845
2.38E+00,2.18E+01,9.39E-01,1.02E+01,4.03E+00,16.18203964
2.40E+00,2.52E+01,9.59E-01,1.02E+01,3.65E+00,11.19321825
2.49E+00,2.98E+01,9.47E-01,8.42E+00,4.78E+00,7.478495715
2.50E+00,2.61E+01,9.29E-01,9.50E+00,4.13E+00,10.27431245
2.42E+00,3.07E+01,9.50E-01,8.79E+00,4.49E+00,6.965735609
2.42E+00,3.12E+01,9.58E-01,8.64E+00,4.54E+00,6.722542665
2.41E+00,3.18E+01,9.49E-01,8.43E+00,4.74E+00,6.405705171
2.49E+00,2.41E+01,9.42E-01,9.34E+00,4.49E+00,12.47943492
2.48E+00,2.19E+01,9.27E-01,9.73E+00,3.84E+00,15.96876819
2.49E+00,2.92E+01,9.60E-01,8.53E+00,4.11E+00,7.838156708
2.44E+00,2.91E+01,9.59E-01,8.97E+00,4.76E+00,7.883625123
2.48E+00,3.15E+01,9.41E-01,8.96E+00,4.30E+00,6.56668616
2.49E+00,2.44E+01,9.41E-01,9.58E+00,4.30E+00,12.01462646
2.43E+00,2.88E+01,9.59E-01,8.13E+00,4.67E+00,8.054525704
2.37E+00,2.31E+01,9.48E-01,9.53E+00,3.88E+00,13.86930191
2.48E+00,3.08E+01,9.51E-01,8.65E+00,4.89E+00,6.904889872
2.48E+00,2.41E+01,9.52E-01,9.04E+00,4.52E+00,12.5195288
2.47E+00,2.97E+01,9.57E-01,9.00E+00,4.54E+00,7.533971012
2.45E+00,2.98E+01,9.35E-01,8.80E+00,4.72E+00,7.434734798
2.46E+00,2.92E+01,9.58E-01,8.98E+00,4.50E+00,7.819569388
2.44E+00,2.98E+01,9.50E-01,8.61E+00,4.67E+00,7.471607
2.43E+00,3.35E+01,9.57E-01,8.34E+00,4.26E+00,5.722415815
2.49E+00,2.25E+01,9.37E-01,1.00E+01,4.19E+00,14.76115808
2.47E+00,2.34E+01,9.54E-01,9.09E+00,4.54E+00,13.4201477
2.45E+00,3.07E+01,9.53E-01,8.24E+00,4.82E+00,6.959952434
2.45E+00,2.56E+01,9.50E-01,9.77E+00,3.76E+00,10.69948954
2.49E+00,3.14E+01,9.16E-01,8.53E+00,4.75E+00,6.61015779
2.46E+00,2.40E+01,9.33E-01,9.63E+00,4.12E+00,12.64598673
2.48E+00,3.12E+01,9.23E-01,8.75E+00,4.78E+00,6.705058922
2.46E+00,3.18E+01,9.48E-01,8.09E+00,4.68E+00,6.415224886
2.50E+00,2.97E+01,9.32E-01,9.19E+00,4.13E+00,7.518948493
2.41E+00,2.63E+01,9.52E-01,8.90E+00,4.41E+00,10.02540969
2.47E+00,2.73E+01,9.58E-01,8.73E+00,4.25E+00,9.154993426
2.47E+00,2.73E+01,9.52E-01,8.99E+00,4.31E+00,9.174864817
2.39E+00,3.09E+01,9.53E-01,8.35E+00,4.61E+00,6.853528513
2.44E+00,3.00E+01,9.24E-01,8.84E+00,4.41E+00,7.354572471
2.47E+00,3.01E+01,9.40E-01,9.18E+00,4.02E+00,7.27063698
2.45E+00,3.04E+01,9.55E-01,8.98E+00,4.20E+00,7.147421084
2.38E+00,2.99E+01,9.60E-01,8.76E+00,4.12E+00,7.426255787
2.33E+00,2.72E+01,9.49E-01,9.31E+00,4.30E+00,9.266749519
2.45E+00,3.24E+01,9.45E-01,8.48E+00,4.81E+00,6.139573898
2.43E+00,3.09E+01,9.38E-01,8.72E+00,4.29E+00,6.842123571
2.41E+00,2.71E+01,9.52E-01,9.42E+00,4.08E+00,9.338022798
2.45E+00,2.89E+01,9.35E-01,9.50E+00,3.96E+00,8.025125851
2.49E+00,2.61E+01,9.44E-01,8.43E+00,4.45E+00,10.18777967
2.47E+00,3.18E+01,9.50E-01,8.93E+00,4.33E+00,6.405744936
2.46E+00,2.97E+01,9.19E-01,8.96E+00,4.40E+00,7.542477559
2.44E+00,3.05E+01,9.41E-01,8.48E+00,4.32E+00,7.086162885
2.48E+00,3.01E+01,9.39E-01,8.86E+00,4.72E+00,7.27165112
2.48E+00,2.65E+01,9.46E-01,9.58E+00,3.69E+00,9.876059397
2.46E+00,2.25E+01,9.40E-01,9.84E+00,3.79E+00,14.88869113
2.50E+00,3.13E+01,9.15E-01,8.74E+00,4.61E+00,6.669762164
2.48E+00,3.30E+01,9.53E-01,8.81E+00,4.35E+00,5.898694552
2.40E+00,2.69E+01,9.48E-01,9.00E+00,4.35E+00,9.511804934
2.44E+00,3.11E+01,9.34E-01,8.66E+00,4.57E+00,6.743656983
2.46E+00,2.55E+01,9.55E-01,9.07E+00,4.14E+00,10.78074968
2.46E+00,2.97E+01,9.16E-01,9.16E+00,4.13E+00,7.522859843
2.49E+00,3.23E+01,9.55E-01,8.58E+00,4.15E+00,6.201473074
2.45E+00,2.39E+01,9.57E-01,9.49E+00,4.07E+00,12.68603032
2.36E+00,3.05E+01,9.37E-01,9.11E+00,4.44E+00,7.071906126
2.41E+00,3.12E+01,9.34E-01,8.85E+00,4.52E+00,6.695720849
2.45E+00,2.95E+01,9.47E-01,8.51E+00,4.38E+00,7.636127173
2.46E+00,2.57E+01,9.47E-01,9.28E+00,3.85E+00,10.57945639
2.38E+00,3.05E+01,9.58E-01,9.04E+00,4.13E+00,7.089739667
2.44E+00,2.99E+01,9.56E-01,8.67E+00,4.70E+00,7.398113932
2.49E+00,3.14E+01,9.38E-01,8.72E+00,4.58E+00,6.638081677
2.49E+00,2.98E+01,9.33E-01,8.64E+00,4.50E+00,7.468670134
2.31E+00,2.81E+01,9.55E-01,9.29E+00,4.29E+00,8.590844031
2.43E+00,2.67E+01,9.50E-01,9.57E+00,4.10E+00,9.658434466
2.47E+00,3.32E+01,9.45E-01,8.38E+00,4.37E+00,5.836637413
2.46E+00,2.99E+01,9.60E-01,8.81E+00,4.92E+00,7.43371529
2.40E+00,2.10E+01,9.42E-01,1.01E+01,3.86E+00,17.74692436
2.45E+00,2.96E+01,9.35E-01,9.11E+00,4.19E+00,7.606622168
2.39E+00,3.27E+01,9.50E-01,8.41E+00,4.36E+00,6.034574007
2.48E+00,2.51E+01,9.36E-01,1.00E+01,3.60E+00,11.2816127
2.39E+00,2.81E+01,9.54E-01,9.09E+00,4.45E+00,8.594731376
2.49E+00,2.82E+01,9.28E-01,9.11E+00,4.31E+00,8.480058847
2.40E+00,2.51E+01,9.56E-01,9.63E+00,3.80E+00,11.28413206
2.41E+00,2.93E+01,9.58E-01,8.82E+00,4.32E+00,7.774218947
2.40E+00,2.59E+01,9.56E-01,9.17E+00,4.54E+00,10.44446187
2.40E+00,3.18E+01,9.36E-01,8.78E+00,4.54E+00,6.434819313
2.39E+00,2.76E+01,9.48E-01,9.17E+00,4.36E+00,8.97669032
2.38E+00,3.19E+01,9.56E-01,8.72E+00,4.62E+00,6.38333028
2.49E+00,2.67E+01,9.32E-01,9.54E+00,4.12E+00,9.659200499
2.41E+00,3.15E+01,9.36E-01,8.89E+00,4.60E+00,6.582951264
2.49E+00,2.95E+01,9.22E-01,9.18E+00,4.58E+00,7.650792944
2.47E+00,3.25E+01,9.43E-01,8.74E+00,4.29E+00,6.131625894
2.42E+00,2.44E+01,9.57E-01,9.40E+00,4.15E+00,12.11612767
2.49E+00,2.93E+01,9.30E-01,8.83E+00,4.55E+00,7.737378559
2.45E+00,2.90E+01,9.43E-01,8.79E+00,4.20E+00,7.958689864
2.38E+00,2.78E+01,9.46E-01,9.11E+00,4.10E+00,8.780430525
2.35E+00,3.03E+01,9.51E-01,8.52E+00,4.41E+00,7.160647549
2.40E+00,3.22E+01,9.57E-01,8.72E+00,4.94E+00,6.251190495
2.37E+00,2.17E+01,9.54E-01,1.00E+01,4.20E+00,16.25734719
2.47E+00,3.30E+01,9.46E-01,8.72E+00,4.14E+00,5.923333312
2.50E+00,2.29E+01,9.54E-01,9.14E+00,4.44E+00,14.23244334
2.46E+00,2.80E+01,9.58E-01,9.19E+00,4.45E+00,8.645675998
2.45E+00,3.13E+01,9.37E-01,8.78E+00,4.75E+00,6.658896651
2.39E+00,3.28E+01,9.52E-01,8.63E+00,4.29E+00,5.984985596
2.42E+00,2.93E+01,9.54E-01,8.40E+00,4.59E+00,7.768698834
2.49E+00,2.93E+01,9.19E-01,9.10E+00,4.35E+00,7.763316929
2.49E+00,3.08E+01,9.45E-01,8.58E+00,4.40E+00,6.916161229
2.49E+00,2.74E+01,9.54E-01,9.71E+00,3.82E+00,9.117654047
2.49E+00,3.15E+01,9.07E-01,8.90E+00,4.50E+00,6.567884255
2.49E+00,2.89E+01,9.49E-01,8.95E+00,4.68E+00,7.984788777
2.48E+00,2.93E+01,9.50E-01,9.12E+00,4.18E+00,7.74171894
2.47E+00,2.83E+01,9.21E-01,8.91E+00,4.43E+00,8.390239063
2.39E+00,2.20E+01,9.39E-01,1.00E+01,3.98E+00,15.71095461
2.48E+00,3.13E+01,9.12E-01,8.76E+00,4.51E+00,6.673110199
2.43E+00,2.71E+01,9.57E-01,8.83E+00,4.25E+00,9.371266291
2.49E+00,2.89E+01,9.52E-01,8.60E+00,4.48E+00,8.02311496
2.48E+00,2.98E+01,9.13E-01,9.05E+00,4.48E+00,7.437653321
2.48E+00,2.26E+01,9.15E-01,9.93E+00,4.00E+00,14.67823761
2.45E+00,2.96E+01,9.36E-01,8.71E+00,4.48E+00,7.606855734
2.46E+00,3.10E+01,9.50E-01,8.66E+00,4.37E+00,6.816643327
2.41E+00,2.70E+01,9.34E-01,9.16E+00,4.49E+00,9.462202704
2.44E+00,3.15E+01,9.44E-01,8.75E+00,4.38E+00,6.549983119
2.49E+00,2.87E+01,9.48E-01,8.82E+00,4.62E+00,8.140603449
2.39E+00,2.88E+01,9.58E-01,8.74E+00,3.96E+00,8.108183465
2.45E+00,3.08E+01,9.48E-01,8.87E+00,4.64E+00,6.916854506
2.45E+00,2.46E+01,9.41E-01,9.93E+00,3.89E+00,11.88321445
2.47E+00,2.67E+01,9.42E-01,9.27E+00,4.03E+00,9.654799856
2.44E+00,3.11E+01,9.49E-01,8.72E+00,4.54E+00,6.77113775
2.31E+00,2.71E+01,9.57E-01,9.56E+00,4.17E+00,9.360164274
2.46E+00,2.79E+01,9.53E-01,9.15E+00,4.07E+00,8.720495928
2.44E+00,2.84E+01,9.54E-01,8.48E+00,4.24E+00,8.335783476
2.35E+00,3.14E+01,9.56E-01,8.89E+00,4.41E+00,6.603025557
2.35E+00,2.57E+01,9.56E-01,9.20E+00,3.88E+00,10.61664898
2.32E+00,2.78E+01,9.57E-01,9.29E+00,4.36E+00,8.78096461
2.36E+00,2.89E+01,9.50E-01,9.09E+00,4.34E+00,8.017579347
2.39E+00,3.00E+01,9.49E-01,8.78E+00,4.27E+00,7.333465265
2.46E+00,2.61E+01,9.38E-01,9.88E+00,3.69E+00,10.21172983
2.44E+00,2.92E+01,9.26E-01,9.69E+00,3.86E+00,7.853136951
2.42E+00,2.95E+01,9.33E-01,9.15E+00,4.36E+00,7.615819418
2.38E+00,2.96E+01,9.47E-01,8.87E+00,4.49E+00,7.556696672
2.41E+00,3.12E+01,9.55E-01,8.62E+00,4.66E+00,6.701483423
2.47E+00,2.43E+01,9.53E-01,9.99E+00,3.92E+00,12.23057103
2.45E+00,3.11E+01,9.41E-01,9.18E+00,3.99E+00,6.756357885
2.43E+00,2.93E+01,9.40E-01,9.12E+00,4.55E+00,7.768534006
2.46E+00,3.14E+01,9.49E-01,8.44E+00,4.78E+00,6.608685146
2.43E+00,2.93E+01,9.43E-01,8.92E+00,4.36E+00,7.758626563
2.38E+00,2.66E+01,9.60E-01,9.40E+00,4.08E+00,9.728240157
2.49E+00,2.80E+01,9.52E-01,8.62E+00,4.50E+00,8.648985426
2.47E+00,3.16E+01,9.05E-01,8.79E+00,4.57E+00,6.518198633
2.46E+00,2.96E+01,9.35E-01,9.18E+00,4.49E+00,7.601998793
2.40E+00,2.20E+01,9.53E-01,1.02E+01,3.85E+00,15.66655433
2.34E+00,3.24E+01,9.55E-01,8.67E+00,4.34E+00,6.147092873
2.42E+00,2.49E+01,9.55E-01,9.24E+00,4.50E+00,11.46182382
2.46E+00,2.41E+01,9.51E-01,9.16E+00,4.48E+00,12.4196766
2.50E+00,2.77E+01,9.34E-01,9.02E+00,4.43E+00,8.885958424
2.43E+00,3.17E+01,9.57E-01,8.41E+00,4.73E+00,6.450700562
2.48E+00,2.50E+01,9.34E-01,9.69E+00,4.04E+00,11.32483536
2.47E+00,2.72E+01,9.42E-01,9.09E+00,4.25E+00,9.236245013
2.36E+00,2.89E+01,9.54E-01,8.90E+00,4.22E+00,8.009468533
2.46E+00,2.71E+01,9.30E-01,9.09E+00,4.32E+00,9.340957371
2.44E+00,2.59E+01,9.57E-01,9.79E+00,3.96E+00,10.39875241
2.45E+00,3.06E+01,9.35E-01,9.12E+00,4.10E+00,7.011615003
2.45E+00,2.49E+01,9.24E-01,9.44E+00,4.24E+00,11.43980774
2.49E+00,2.70E+01,9.30E-01,9.28E+00,4.30E+00,9.387182107
2.42E+00,2.76E+01,9.44E-01,9.39E+00,4.37E+00,8.943407568
2.45E+00,2.78E+01,9.29E-01,9.12E+00,4.44E+00,8.814589179
2.50E+00,2.22E+01,9.52E-01,9.13E+00,4.57E+00,15.3695792
2.38E+00,2.96E+01,9.60E-01,8.73E+00,4.27E+00,7.592680618
2.48E+00,3.10E+01,9.32E-01,8.52E+00,4.56E+00,6.824626914
2.42E+00,2.63E+01,9.59E-01,9.28E+00,4.06E+00,10.00667352
2.50E+00,3.03E+01,9.56E-01,8.72E+00,4.16E+00,7.20504791
2.32E+00,2.97E+01,9.58E-01,8.68E+00,4.35E+00,7.53367395
2.48E+00,3.18E+01,9.32E-01,8.86E+00,4.09E+00,6.423599395
2.41E+00,2.52E+01,9.58E-01,9.33E+00,4.49E+00,11.12757905
2.46E+00,3.15E+01,9.42E-01,8.82E+00,4.83E+00,6.580837883
2.45E+00,2.93E+01,9.07E-01,9.23E+00,4.42E+00,7.754192158
2.40E+00,3.13E+01,9.57E-01,8.48E+00,4.77E+00,6.646422284
2.45E+00,2.43E+01,9.51E-01,1.01E+01,3.63E+00,12.23465946
2.35E+00,2.86E+01,9.59E-01,8.89E+00,4.54E+00,8.217830304
2.36E+00,2.53E+01,9.54E-01,9.42E+00,4.11E+00,11.06620497
2.44E+00,2.84E+01,9.32E-01,8.93E+00,4.26E+00,8.370278661
2.50E+00,3.09E+01,9.23E-01,8.61E+00,4.74E+00,6.849356663
2.39E+00,2.36E+01,9.45E-01,9.74E+00,3.88E+00,13.09587378
2.48E+00,2.77E+01,9.37E-01,9.20E+00,4.25E+00,8.864169815
2.36E+00,3.07E+01,9.40E-01,8.98E+00,4.53E+00,6.968947845
2.49E+00,2.56E+01,9.34E-01,9.71E+00,3.88E+00,10.67975422
2.48E+00,2.57E+01,9.28E-01,1.01E+01,3.68E+00,10.58347066
2.46E+00,2.52E+01,9.51E-01,9.65E+00,4.21E+00,11.16880967
2.45E+00,3.21E+01,9.39E-01,9.03E+00,4.16E+00,6.272934572
2.50E+00,2.55E+01,9.54E-01,9.20E+00,4.53E+00,10.78184113
2.48E+00,2.99E+01,9.17E-01,9.03E+00,4.43E+00,7.431230395
2.40E+00,3.04E+01,9.56E-01,8.67E+00,4.66E+00,7.150047137
2.49E+00,2.48E+01,9.57E-01,8.75E+00,4.32E+00,11.56121422
2.45E+00,2.31E+01,9.35E-01,9.55E+00,4.34E+00,13.87773452
2.41E+00,3.09E+01,9.55E-01,8.81E+00,4.40E+00,6.872153039
2.47E+00,3.19E+01,9.10E-01,8.80E+00,4.54E+00,6.392284046
2.47E+00,3.07E+01,9.35E-01,8.68E+00,4.23E+00,6.969343285
2.46E+00,2.30E+01,9.54E-01,9.52E+00,3.91E+00,13.9778332
2.45E+00,2.77E+01,9.43E-01,9.81E+00,3.76E+00,8.877445826
2.36E+00,3.12E+01,9.40E-01,8.59E+00,4.40E+00,6.723266162
2.41E+00,2.97E+01,9.42E-01,8.61E+00,4.45E+00,7.539066719
2.45E+00,2.42E+01,9.60E-01,9.07E+00,4.22E+00,12.36306805
2.44E+00,3.14E+01,9.52E-01,8.81E+00,4.61E+00,6.599328353
2.43E+00,2.76E+01,9.56E-01,9.05E+00,4.01E+00,8.906069378
2.46E+00,2.56E+01,9.42E-01,1.01E+01,3.72E+00,10.7021209
2.47E+00,2.32E+01,9.50E-01,9.08E+00,4.49E+00,13.76896186
2.46E+00,2.72E+01,9.53E-01,8.69E+00,4.61E+00,9.256263482
2.50E+00,3.08E+01,9.50E-01,8.39E+00,4.90E+00,6.896872839
2.49E+00,3.12E+01,9.45E-01,8.97E+00,4.22E+00,6.714762028
2.49E+00,3.01E+01,9.27E-01,8.92E+00,4.44E+00,7.312306167
2.44E+00,2.59E+01,9.45E-01,8.98E+00,4.56E+00,10.38204915
2.45E+00,2.97E+01,9.58E-01,8.87E+00,4.74E+00,7.532770814
2.42E+00,2.44E+01,9.49E-01,9.46E+00,4.25E+00,12.04435585
2.47E+00,3.12E+01,9.32E-01,8.72E+00,4.71E+00,6.695388429
2.40E+00,3.11E+01,9.53E-01,8.84E+00,4.05E+00,6.759262689
2.50E+00,2.73E+01,9.57E-01,9.11E+00,3.96E+00,9.151737016
2.47E+00,2.40E+01,9.31E-01,9.30E+00,4.36E+00,12.61646874
2.40E+00,3.07E+01,9.48E-01,8.94E+00,4.55E+00,6.964346404
2.47E+00,3.15E+01,9.57E-01,8.82E+00,3.85E+00,6.556574938
2.39E+00,2.57E+01,9.55E-01,9.39E+00,4.08E+00,10.61433997
2.44E+00,2.59E+01,9.30E-01,9.73E+00,3.83E+00,10.44609979
2.48E+00,2.94E+01,9.51E-01,8.37E+00,4.50E+00,7.713657328
2.37E+00,2.10E+01,9.55E-01,1.02E+01,3.75E+00,17.79648441
2.44E+00,2.59E+01,9.49E-01,9.16E+00,4.22E+00,10.40790907
2.48E+00,2.86E+01,9.44E-01,8.88E+00,4.12E+00,8.195743284
2.41E+00,3.18E+01,9.50E-01,8.93E+00,4.11E+00,6.431782076
2.48E+00,3.16E+01,9.59E-01,8.33E+00,4.63E+00,6.518507044
2.40E+00,3.05E+01,9.50E-01,9.14E+00,4.11E+00,7.076936365
2.44E+00,2.51E+01,9.24E-01,9.80E+00,3.98E+00,11.24878548
2.44E+00,2.28E+01,9.58E-01,9.51E+00,4.39E+00,14.29186578
2.39E+00,2.61E+01,9.47E-01,9.06E+00,4.31E+00,10.2352974
2.47E+00,3.15E+01,9.45E-01,8.70E+00,4.47E+00,6.580793906
2.44E+00,3.19E+01,9.21E-01,8.83E+00,4.47E+00,6.396294619
2.50E+00,2.95E+01,9.58E-01,8.27E+00,4.28E+00,7.610998166
2.43E+00,2.82E+01,9.36E-01,9.45E+00,3.93E+00,8.49599686
2.46E+00,2.03E+01,9.59E-01,1.01E+01,4.07E+00,19.38331365
2.42E+00,2.62E+01,9.48E-01,8.99E+00,4.42E+00,10.10835094
2.45E+00,2.61E+01,9.36E-01,9.02E+00,4.51E+00,10.20590904
2.32E+00,2.94E+01,9.54E-01,9.09E+00,4.35E+00,7.692395373
2.48E+00,2.76E+01,9.33E-01,9.55E+00,3.78E+00,8.948297273
2.40E+00,2.84E+01,9.55E-01,8.39E+00,4.44E+00,8.324541379
2.42E+00,2.90E+01,9.44E-01,9.03E+00,4.07E+00,7.960085318
2.48E+00,2.74E+01,9.35E-01,8.83E+00,4.13E+00,9.061422293
2.45E+00,3.09E+01,9.37E-01,8.60E+00,4.64E+00,6.843599961
2.42E+00,3.12E+01,9.26E-01,8.87E+00,4.48E+00,6.714057557
2.49E+00,3.12E+01,9.53E-01,8.78E+00,4.59E+00,6.730776759
2.44E+00,2.71E+01,9.46E-01,9.21E+00,4.10E+00,9.325762196
2.49E+00,2.98E+01,9.54E-01,8.97E+00,4.76E+00,7.433916106
2.38E+00,3.37E+01,9.43E-01,8.76E+00,4.61E+00,5.63923715
2.46E+00,2.43E+01,9.44E-01,1.01E+01,3.91E+00,12.21382777
2.45E+00,2.89E+01,9.59E-01,8.88E+00,4.59E+00,8.001883738
2.38E+00,2.23E+01,9.50E-01,1.02E+01,3.70E+00,15.24644174
2.49E+00,2.46E+01,9.49E-01,8.95E+00,4.29E+00,11.80375408
2.35E+00,2.45E+01,9.55E-01,9.45E+00,4.23E+00,11.99312494
2.43E+00,2.67E+01,9.52E-01,9.26E+00,4.36E+00,9.67792336
2.42E+00,2.87E+01,9.55E-01,9.26E+00,4.22E+00,8.182156549
2.46E+00,2.60E+01,9.56E-01,9.13E+00,4.27E+00,10.31034108
2.45E+00,2.86E+01,9.26E-01,9.05E+00,4.30E+00,8.214919129
2.47E+00,2.57E+01,9.34E-01,1.00E+01,3.70E+00,10.62335425
2.42E+00,3.16E+01,9.51E-01,8.71E+00,4.64E+00,6.538724611
2.47E+00,2.94E+01,9.49E-01,8.56E+00,4.56E+00,7.683162018
2.47E+00,2.95E+01,9.49E-01,9.16E+00,4.28E+00,7.62820936
2.31E+00,2.53E+01,9.47E-01,9.66E+00,4.24E+00,11.05530252
2.41E+00,2.73E+01,9.58E-01,8.34E+00,4.56E+00,9.1967086
2.48E+00,2.52E+01,9.29E-01,9.68E+00,4.24E+00,11.19216883
2.43E+00,2.30E+01,9.54E-01,9.98E+00,3.98E+00,13.95081448
2.44E+00,3.10E+01,9.34E-01,8.93E+00,4.19E+00,6.819373509
2.46E+00,3.16E+01,9.31E-01,9.22E+00,4.05E+00,6.517260659
2.48E+00,3.14E+01,9.35E-01,8.54E+00,4.76E+00,6.599199075
2.48E+00,2.27E+01,9.38E-01,9.76E+00,4.01E+00,14.5120554
2.46E+00,2.62E+01,9.48E-01,9.34E+00,4.00E+00,10.13684739
2.46E+00,2.57E+01,9.55E-01,9.53E+00,4.33E+00,10.60150857
2.44E+00,2.43E+01,9.58E-01,9.15E+00,4.33E+00,12.17602487
2.50E+00,3.10E+01,9.56E-01,8.67E+00,4.65E+00,6.830978161
2.37E+00,2.55E+01,9.45E-01,9.29E+00,4.24E+00,10.8613154
2.43E+00,2.78E+01,9.57E-01,8.56E+00,4.55E+00,8.783781245
2.34E+00,3.05E+01,9.52E-01,9.01E+00,4.42E+00,7.055255616
2.42E+00,2.95E+01,9.48E-01,9.17E+00,3.90E+00,7.660423838
2.42E+00,2.45E+01,9.42E-01,9.52E+00,4.10E+00,11.9202043
2.45E+00,3.08E+01,9.51E-01,8.85E+00,4.40E+00,6.921795537
2.40E+00,2.76E+01,9.53E-01,8.77E+00,4.45E+00,8.913928174
2.45E+00,2.82E+01,9.27E-01,9.26E+00,4.10E+00,8.466816597
2.42E+00,3.13E+01,9.60E-01,8.60E+00,4.86E+00,6.643694181
2.47E+00,2.39E+01,9.59E-01,1.02E+01,3.66E+00,12.66238888
2.41E+00,2.13E+01,9.41E-01,1.01E+01,4.09E+00,17.05573685
2.34E+00,2.40E+01,9.54E-01,9.70E+00,3.69E+00,12.63714676
2.40E+00,2.59E+01,9.59E-01,8.97E+00,3.96E+00,10.46256408
2.42E+00,2.60E+01,9.47E-01,8.89E+00,4.32E+00,10.32639455
2.48E+00,2.43E+01,9.52E-01,8.63E+00,4.29E+00,12.21976075
2.36E+00,2.90E+01,9.56E-01,8.69E+00,4.42E+00,7.923797831
2.45E+00,2.68E+01,9.30E-01,9.94E+00,3.75E+00,9.560332634
2.39E+00,2.99E+01,9.54E-01,8.74E+00,4.67E+00,7.401166935
2.43E+00,2.82E+01,9.53E-01,9.26E+00,4.10E+00,8.460927799
2.50E+00,2.86E+01,9.37E-01,8.53E+00,4.62E+00,8.226694871
2.49E+00,3.24E+01,9.30E-01,8.35E+00,4.50E+00,6.143623053
2.34E+00,2.86E+01,9.54E-01,9.10E+00,4.44E+00,8.23287351
2.44E+00,2.62E+01,9.55E-01,9.48E+00,3.74E+00,10.16466534
2.49E+00,3.25E+01,9.47E-01,8.56E+00,4.49E+00,6.123877367
2.47E+00,2.30E+01,9.36E-01,9.77E+00,3.75E+00,14.00889432
2.50E+00,3.02E+01,9.52E-01,8.64E+00,4.37E+00,7.226645489
2.39E+00,3.05E+01,9.59E-01,8.99E+00,4.30E+00,7.048785208
2.47E+00,3.13E+01,9.24E-01,9.32E+00,3.99E+00,6.646077868
2.38E+00,3.09E+01,9.47E-01,8.66E+00,4.65E+00,6.838007682
2.48E+00,2.91E+01,9.52E-01,8.74E+00,4.44E+00,7.875209563
2.46E+00,2.19E+01,9.52E-01,1.04E+01,3.85E+00,15.9674312
2.48E+00,2.88E+01,9.51E-01,8.40E+00,4.42E+00,8.073439398
2.45E+00,3.21E+01,9.33E-01,8.32E+00,4.60E+00,6.274377829
2.50E+00,3.14E+01,9.35E-01,8.81E+00,4.80E+00,6.632645218
2.50E+00,2.49E+01,9.31E-01,9.98E+00,3.77E+00,11.45127157
2.44E+00,2.15E+01,9.53E-01,1.01E+01,4.22E+00,16.6879406
2.44E+00,2.18E+01,9.30E-01,1.03E+01,3.89E+00,16.17723852
2.46E+00,2.26E+01,9.56E-01,9.51E+00,4.22E+00,14.61367405
2.39E+00,2.40E+01,9.45E-01,9.54E+00,4.22E+00,12.64104827
2.49E+00,2.67E+01,9.57E-01,9.06E+00,4.22E+00,9.695743215
2.44E+00,3.04E+01,9.40E-01,9.04E+00,4.03E+00,7.110607543
2.42E+00,3.09E+01,9.43E-01,8.79E+00,4.60E+00,6.869236153
2.46E+00,3.13E+01,9.40E-01,8.83E+00,4.63E+00,6.668836443
2.35E+00,3.13E+01,9.52E-01,8.87E+00,4.51E+00,6.654741794
2.43E+00,3.15E+01,9.38E-01,8.93E+00,4.62E+00,6.582883756
2.46E+00,2.50E+01,9.57E-01,8.85E+00,4.48E+00,11.40932611
2.49E+00,2.53E+01,9.29E-01,9.98E+00,3.78E+00,11.07986248
2.41E+00,3.01E+01,9.50E-01,9.01E+00,4.03E+00,7.304770038
2.48E+00,2.97E+01,9.37E-01,9.02E+00,4.24E+00,7.493865177
2.48E+00,2.58E+01,9.51E-01,8.72E+00,4.19E+00,10.54269133
2.49E+00,3.01E+01,9.38E-01,8.90E+00,4.82E+00,7.3142789
2.47E+00,3.00E+01,9.46E-01,8.94E+00,4.51E+00,7.34327679
2.39E+00,2.46E+01,9.59E-01,9.65E+00,3.74E+00,11.80195661
2.44E+00,2.63E+01,9.55E-01,9.72E+00,3.72E+00,10.08055479
2.33E+00,3.11E+01,9.59E-01,8.60E+00,4.33E+00,6.762339478
2.49E+00,3.09E+01,9.06E-01,9.05E+00,4.53E+00,6.85400329
2.44E+00,3.03E+01,9.55E-01,9.10E+00,4.21E+00,7.155340705
2.37E+00,2.87E+01,9.59E-01,8.64E+00,4.60E+00,8.130368582
2.35E+00,3.08E+01,9.58E-01,8.89E+00,4.08E+00,6.929467572
2.44E+00,2.33E+01,9.51E-01,9.11E+00,4.37E+00,13.51335579
2.39E+00,3.02E+01,9.29E-01,8.90E+00,4.51E+00,7.21042731
2.44E+00,3.11E+01,9.53E-01,8.81E+00,4.65E+00,6.744097622
2.39E+00,2.62E+01,9.46E-01,9.05E+00,4.33E+00,10.13960092
2.49E+00,2.31E+01,9.59E-01,9.52E+00,4.38E+00,13.8237355
2.45E+00,2.19E+01,9.59E-01,1.01E+01,4.04E+00,16.00942735
2.43E+00,3.19E+01,9.58E-01,9.06E+00,4.03E+00,6.396761053
2.43E+00,2.38E+01,9.35E-01,9.92E+00,4.19E+00,12.89919195
2.48E+00,3.16E+01,9.36E-01,8.76E+00,4.81E+00,6.54037458
2.45E+00,3.07E+01,9.45E-01,8.83E+00,4.56E+00,6.987114399
2.50E+00,2.33E+01,9.56E-01,9.33E+00,3.94E+00,13.52804341
2.49E+00,3.03E+01,9.51E-01,8.72E+00,4.44E+00,7.161205612
2.40E+00,2.23E+01,9.39E-01,1.00E+01,3.92E+00,15.19208834
2.46E+00,2.74E+01,9.52E-01,8.71E+00,4.55E+00,9.095471811
2.39E+00,2.23E+01,9.55E-01,1.00E+01,3.97E+00,15.11339957
2.38E+00,2.52E+01,9.56E-01,9.68E+00,4.03E+00,11.11719462
2.47E+00,2.99E+01,9.48E-01,8.85E+00,4.43E+00,7.425642984
2.47E+00,2.98E+01,9.49E-01,8.56E+00,4.69E+00,7.434425838
2.45E+00,2.80E+01,9.55E-01,9.17E+00,4.09E+00,8.664796233
2.34E+00,2.75E+01,9.59E-01,9.31E+00,4.22E+00,9.001447363
2.37E+00,2.89E+01,9.45E-01,9.14E+00,4.33E+00,7.99229089
2.50E+00,2.30E+01,9.39E-01,9.54E+00,3.92E+00,14.00948677
2.38E+00,2.65E+01,9.48E-01,9.29E+00,4.35E+00,9.816205492
2.45E+00,3.07E+01,9.59E-01,8.90E+00,4.17E+00,6.988227587
2.47E+00,3.32E+01,9.50E-01,8.40E+00,4.53E+00,5.833342845
2.47E+00,2.99E+01,9.55E-01,8.69E+00,4.87E+00,7.414695463
2.49E+00,2.26E+01,9.59E-01,1.00E+01,4.29E+00,14.72720339
2.39E+00,3.03E+01,9.54E-01,8.94E+00,4.60E+00,7.203341568
2.37E+00,2.53E+01,9.58E-01,9.81E+00,3.74E+00,11.03215691
2.48E+00,2.45E+01,9.22E-01,9.66E+00,4.11E+00,12.01276094
2.48E+00,2.20E+01,9.53E-01,9.65E+00,3.81E+00,15.82800086
2.43E+00,3.01E+01,9.37E-01,9.06E+00,4.37E+00,7.305419539
2.49E+00,2.52E+01,9.57E-01,9.67E+00,3.77E+00,11.16740556
2.34E+00,3.00E+01,9.47E-01,8.96E+00,4.55E+00,7.322558889
2.46E+00,2.31E+01,9.32E-01,9.60E+00,3.84E+00,13.81376972
2.49E+00,2.59E+01,9.31E-01,9.57E+00,4.16E+00,10.40443579
2.50E+00,2.86E+01,9.42E-01,8.90E+00,4.66E+00,8.213657052
2.46E+00,3.12E+01,9.41E-01,8.76E+00,4.75E+00,6.712304573
2.38E+00,2.41E+01,9.60E-01,9.26E+00,3.92E+00,12.50964764
2.46E+00,3.12E+01,9.42E-01,8.77E+00,4.65E+00,6.720109679
2.42E+00,2.39E+01,9.39E-01,9.48E+00,4.38E+00,12.77653104
2.48E+00,2.99E+01,9.37E-01,8.56E+00,4.55E+00,7.397138415
2.49E+00,2.51E+01,9.22E-01,9.97E+00,3.68E+00,11.2144362
2.50E+00,2.75E+01,9.50E-01,8.87E+00,4.66E+00,8.9971362
2.50E+00,3.00E+01,9.41E-01,8.62E+00,4.38E+00,7.35603465
2.47E+00,2.34E+01,9.38E-01,9.59E+00,4.18E+00,13.37520034
2.46E+00,3.12E+01,9.45E-01,8.50E+00,4.62E+00,6.697589083
2.46E+00,2.60E+01,9.50E-01,9.69E+00,3.99E+00,10.34711803
2.43E+00,2.54E+01,9.55E-01,9.86E+00,3.73E+00,10.88788381
2.43E+00,3.06E+01,9.15E-01,8.77E+00,4.44E+00,7.01764335
2.39E+00,2.77E+01,9.60E-01,9.49E+00,3.97E+00,8.843909656
2.46E+00,3.15E+01,9.49E-01,9.17E+00,4.04E+00,6.550220259
2.49E+00,2.43E+01,9.43E-01,9.60E+00,3.96E+00,12.20862641
2.42E+00,3.04E+01,9.55E-01,8.48E+00,4.26E+00,7.139832952
2.44E+00,2.52E+01,9.58E-01,1.00E+01,3.77E+00,11.09906817
2.49E+00,2.66E+01,9.19E-01,9.33E+00,4.28E+00,9.761962682
2.46E+00,2.58E+01,9.52E-01,8.94E+00,4.32E+00,10.53094677
2.49E+00,2.56E+01,9.36E-01,9.07E+00,4.44E+00,10.73406183
2.42E+00,2.86E+01,9.55E-01,8.49E+00,4.41E+00,8.23320228
2.48E+00,2.10E+01,9.56E-01,1.01E+01,4.42E+00,17.7350109
2.47E+00,2.88E+01,9.56E-01,8.76E+00,4.23E+00,8.081747567
2.40E+00,2.59E+01,9.57E-01,8.67E+00,4.27E+00,10.37732066
2.47E+00,2.61E+01,9.55E-01,8.56E+00,4.61E+00,10.18258752
2.44E+00,2.46E+01,9.47E-01,8.96E+00,4.37E+00,11.88075076
2.36E+00,3.02E+01,9.52E-01,8.98E+00,4.44E+00,7.218460129
2.45E+00,2.96E+01,9.54E-01,9.31E+00,4.08E+00,7.560784326
2.49E+00,2.59E+01,9.36E-01,9.05E+00,4.23E+00,10.45212794
2.44E+00,2.77E+01,9.26E-01,9.16E+00,4.48E+00,8.847185217
2.46E+00,2.14E+01,9.47E-01,1.04E+01,3.86E+00,16.90345447
2.48E+00,2.48E+01,9.47E-01,9.79E+00,3.84E+00,11.60385496
2.50E+00,2.61E+01,9.15E-01,9.47E+00,4.30E+00,10.18727611
2.45E+00,2.65E+01,9.41E-01,9.81E+00,3.76E+00,9.865913929
2.36E+00,2.74E+01,9.56E-01,9.61E+00,3.96E+00,9.08445152
2.38E+00,2.47E+01,9.38E-01,9.49E+00,4.14E+00,11.73236757
2.43E+00,2.99E+01,9.59E-01,9.03E+00,4.29E+00,7.397379441
2.31E+00,3.18E+01,9.57E-01,8.85E+00,4.59E+00,6.440997157
2.48E+00,2.96E+01,8.91E-01,9.16E+00,4.29E+00,7.554761932
2.46E+00,3.04E+01,9.18E-01,8.88E+00,4.49E+00,7.107511186
2.41E+00,2.55E+01,9.55E-01,9.20E+00,4.00E+00,10.85594218
2.47E+00,2.44E+01,9.56E-01,9.49E+00,4.30E+00,12.1341982
2.41E+00,3.23E+01,9.41E-01,8.88E+00,4.62E+00,6.214702204
2.39E+00,2.86E+01,9.59E-01,9.26E+00,3.99E+00,8.234361608
2.36E+00,3.11E+01,9.57E-01,8.77E+00,4.23E+00,6.749687843
2.45E+00,2.79E+01,9.42E-01,9.50E+00,3.91E+00,8.706117067
2.37E+00,3.33E+01,9.54E-01,8.27E+00,4.46E+00,5.796940188
2.49E+00,2.48E+01,9.33E-01,9.44E+00,4.30E+00,11.58696233
2.49E+00,2.86E+01,9.47E-01,9.44E+00,4.03E+00,8.186543596
2.48E+00,3.38E+01,9.52E-01,8.42E+00,4.18E+00,5.587415076
2.48E+00,2.96E+01,9.29E-01,9.12E+00,4.07E+00,7.573941731
2.44E+00,2.76E+01,9.40E-01,9.08E+00,4.27E+00,8.976843319
2.39E+00,3.20E+01,9.60E-01,8.98E+00,4.11E+00,6.331192336
2.44E+00,3.16E+01,9.59E-01,8.66E+00,4.65E+00,6.508507947
2.30E+00,2.14E+01,9.58E-01,1.01E+01,3.92E+00,16.89654306
2.44E+00,3.09E+01,9.60E-01,8.51E+00,4.52E+00,6.867821018
2.49E+00,3.01E+01,9.39E-01,8.65E+00,4.24E+00,7.303396803
2.40E+00,2.23E+01,9.43E-01,1.02E+01,4.01E+00,15.12653195
2.48E+00,2.89E+01,9.12E-01,9.24E+00,4.31E+00,8.020727354
2.48E+00,2.76E+01,9.23E-01,9.28E+00,4.16E+00,8.93633568
2.35E+00,2.40E+01,9.52E-01,9.54E+00,4.30E+00,12.64763768
2.48E+00,2.91E+01,9.57E-01,8.97E+00,3.95E+00,7.88211656
2.44E+00,2.70E+01,9.45E-01,9.27E+00,4.24E+00,9.384343989
2.43E+00,2.64E+01,9.45E-01,9.57E+00,4.02E+00,9.919558627
2.43E+00,3.26E+01,9.46E-01,8.40E+00,4.69E+00,6.066161128
2.41E+00,3.10E+01,9.47E-01,8.64E+00,4.53E+00,6.832479881
2.49E+00,3.38E+01,9.36E-01,8.49E+00,4.55E+00,5.611184456
2.42E+00,2.28E+01,9.57E-01,9.38E+00,4.06E+00,14.2768479
2.48E+00,2.88E+01,9.31E-01,9.37E+00,4.05E+00,8.077728767
2.39E+00,3.05E+01,9.56E-01,8.68E+00,4.24E+00,7.060536242
2.39E+00,2.50E+01,9.43E-01,9.42E+00,4.36E+00,11.42202722
2.48E+00,2.98E+01,9.52E-01,8.42E+00,4.62E+00,7.4737201
2.50E+00,2.87E+01,9.45E-01,8.69E+00,4.63E+00,8.152981316
2.43E+00,3.15E+01,9.55E-01,8.69E+00,4.76E+00,6.57611092
2.41E+00,2.57E+01,9.49E-01,1.01E+01,3.78E+00,10.66017358
2.46E+00,2.98E+01,9.30E-01,8.90E+00,4.57E+00,7.469801262
2.45E+00,3.17E+01,9.30E-01,8.62E+00,4.63E+00,6.468280341
2.50E+00,2.31E+01,9.35E-01,9.12E+00,4.34E+00,13.92903484
2.48E+00,2.73E+01,9.31E-01,9.27E+00,4.07E+00,9.138534135
2.47E+00,2.49E+01,9.39E-01,9.49E+00,4.22E+00,11.50545386
2.37E+00,3.13E+01,9.58E-01,8.72E+00,4.44E+00,6.682994204
2.49E+00,2.32E+01,9.13E-01,9.66E+00,4.21E+00,13.67838819
2.48E+00,2.50E+01,9.54E-01,9.82E+00,3.90E+00,11.38784723
2.38E+00,3.39E+01,9.48E-01,8.68E+00,4.15E+00,5.57993631
2.44E+00,2.96E+01,9.50E-01,9.12E+00,4.27E+00,7.608473229
2.47E+00,2.94E+01,9.33E-01,8.96E+00,4.67E+00,7.720574565
2.44E+00,2.50E+01,9.57E-01,1.00E+01,3.67E+00,11.33008042
2.41E+00,2.13E+01,9.24E-01,1.04E+01,4.04E+00,17.07451156
2.50E+00,3.12E+01,9.30E-01,8.76E+00,4.46E+00,6.709050326
2.44E+00,3.25E+01,9.56E-01,8.69E+00,4.41E+00,6.121681047
2.48E+00,2.11E+01,9.28E-01,1.02E+01,4.07E+00,17.49899577
2.47E+00,2.35E+01,9.29E-01,9.94E+00,3.97E+00,13.27175703
2.40E+00,2.53E+01,9.33E-01,9.51E+00,4.16E+00,11.00944001
2.40E+00,2.71E+01,9.55E-01,8.68E+00,4.29E+00,9.33314961
2.40E+00,2.85E+01,9.35E-01,9.14E+00,4.37E+00,8.259260196
2.39E+00,2.78E+01,9.56E-01,9.21E+00,4.06E+00,8.758244041
2.41E+00,2.95E+01,9.60E-01,8.82E+00,4.13E+00,7.611444848
2.36E+00,2.98E+01,9.52E-01,8.92E+00,4.63E+00,7.444373436
2.47E+00,3.16E+01,9.58E-01,8.42E+00,4.22E+00,6.501291328
2.46E+00,2.90E+01,9.41E-01,8.44E+00,4.58E+00,7.968794687
2.42E+00,3.06E+01,9.56E-01,8.98E+00,4.24E+00,7.029893518
2.44E+00,3.09E+01,9.38E-01,9.00E+00,4.12E+00,6.875026136
2.45E+00,2.84E+01,9.36E-01,9.23E+00,3.98E+00,8.373871667
2.47E+00,2.77E+01,9.50E-01,9.62E+00,3.82E+00,8.838225705
2.42E+00,2.62E+01,9.57E-01,8.55E+00,4.36E+00,10.10217095
2.42E+00,2.70E+01,9.53E-01,9.04E+00,3.94E+00,9.440418736
2.42E+00,3.12E+01,9.57E-01,8.86E+00,4.58E+00,6.723610872
2.49E+00,2.79E+01,9.48E-01,8.87E+00,4.35E+00,8.734936081
2.49E+00,2.53E+01,9.33E-01,9.45E+00,4.08E+00,11.07848694
2.48E+00,2.44E+01,9.35E-01,1.00E+01,3.81E+00,12.09433828
2.36E+00,2.76E+01,9.39E-01,9.21E+00,4.43E+00,8.943959072
2.49E+00,2.07E+01,9.43E-01,9.86E+00,3.76E+00,18.53430258
2.38E+00,2.37E+01,9.53E-01,9.56E+00,3.99E+00,13.03897168
2.47E+00,3.25E+01,9.30E-01,8.99E+00,4.20E+00,6.13672562
2.38E+00,3.01E+01,9.53E-01,8.96E+00,4.61E+00,7.264720773
2.44E+00,2.44E+01,9.52E-01,9.32E+00,4.06E+00,12.12929647
2.44E+00,2.70E+01,9.57E-01,8.99E+00,4.51E+00,9.451448374
2.48E+00,2.72E+01,9.48E-01,9.37E+00,4.11E+00,9.275084115
2.43E+00,2.89E+01,9.60E-01,9.10E+00,4.18E+00,8.038236624
2.48E+00,2.90E+01,9.49E-01,8.61E+00,4.66E+00,7.954704656
2.37E+00,2.38E+01,9.54E-01,1.04E+01,3.71E+00,12.83622841
2.49E+00,3.11E+01,9.57E-01,8.70E+00,4.67E+00,6.773487903
2.35E+00,2.19E+01,9.57E-01,1.00E+01,4.17E+00,15.9555548
2.47E+00,2.61E+01,9.56E-01,9.36E+00,4.10E+00,10.24154445
2.47E+00,2.49E+01,9.30E-01,1.02E+01,3.75E+00,11.50685127
2.44E+00,2.92E+01,9.46E-01,9.35E+00,3.94E+00,7.806563336
2.37E+00,2.22E+01,9.51E-01,1.00E+01,4.09E+00,15.36951439
2.37E+00,3.04E+01,9.39E-01,9.01E+00,4.49E+00,7.149939437
2.49E+00,2.88E+01,9.53E-01,8.50E+00,4.93E+00,8.103141724
2.41E+00,2.91E+01,9.33E-01,8.98E+00,4.35E+00,7.870244293
2.38E+00,2.89E+01,9.43E-01,8.71E+00,4.46E+00,8.039295178
2.45E+00,2.53E+01,9.49E-01,9.47E+00,3.81E+00,11.07785535
2.41E+00,3.24E+01,9.58E-01,8.97E+00,4.12E+00,6.147220017
2.46E+00,2.71E+01,9.49E-01,9.51E+00,3.87E+00,9.363428504
2.43E+00,2.77E+01,9.50E-01,8.44E+00,4.39E+00,8.834972761
2.49E+00,2.39E+01,9.39E-01,9.57E+00,3.75E+00,12.67171569
2.41E+00,2.89E+01,9.50E-01,8.77E+00,4.27E+00,7.993269414
2.40E+00,2.72E+01,9.51E-01,9.87E+00,3.76E+00,9.29341121
2.49E+00,3.04E+01,9.22E-01,8.78E+00,4.62E+00,7.152785462
2.49E+00,3.15E+01,9.27E-01,8.38E+00,4.58E+00,6.583966046
2.49E+00,2.56E+01,9.45E-01,9.22E+00,4.33E+00,10.67914973
2.36E+00,2.90E+01,9.58E-01,9.01E+00,4.46E+00,7.982086601
2.50E+00,3.14E+01,9.49E-01,9.03E+00,4.14E+00,6.594435415
2.44E+00,2.41E+01,9.52E-01,9.12E+00,3.99E+00,12.50569841
2.41E+00,3.12E+01,9.54E-01,9.00E+00,4.17E+00,6.699166241
2.43E+00,2.84E+01,9.47E-01,8.88E+00,4.29E+00,8.359406457
2.47E+00,2.27E+01,9.28E-01,9.60E+00,4.06E+00,14.54797543
2.37E+00,3.02E+01,9.60E-01,8.55E+00,4.61E+00,7.23887469
2.38E+00,2.72E+01,9.55E-01,8.93E+00,4.24E+00,9.226558773
2.37E+00,2.97E+01,9.51E-01,8.86E+00,4.15E+00,7.52234891
2.48E+00,3.16E+01,9.41E-01,8.86E+00,4.30E+00,6.52304081
2.43E+00,2.56E+01,9.44E-01,9.38E+00,3.99E+00,10.67895639
2.49E+00,3.12E+01,9.42E-01,9.12E+00,4.10E+00,6.70574567
2.41E+00,2.82E+01,9.38E-01,9.24E+00,4.06E+00,8.459751188
2.37E+00,2.16E+01,9.48E-01,9.81E+00,4.07E+00,16.54659442
2.50E+00,2.90E+01,9.30E-01,9.45E+00,4.07E+00,7.943493145
2.44E+00,2.93E+01,9.55E-01,9.01E+00,4.16E+00,7.772272314
2.45E+00,3.23E+01,9.50E-01,8.54E+00,4.41E+00,6.217305753
2.49E+00,2.43E+01,9.48E-01,9.41E+00,3.94E+00,12.16959858
2.48E+00,3.10E+01,9.15E-01,8.77E+00,4.53E+00,6.800226214
2.44E+00,2.81E+01,9.59E-01,9.55E+00,3.54E+00,8.599862923
2.41E+00,3.10E+01,9.41E-01,8.63E+00,4.73E+00,6.798622237
2.39E+00,2.44E+01,9.60E-01,9.56E+00,3.89E+00,12.0805352
2.50E+00,2.49E+01,9.50E-01,9.30E+00,4.62E+00,11.51865243
2.36E+00,2.94E+01,9.58E-01,9.01E+00,4.55E+00,7.721429847
2.45E+00,2.58E+01,9.44E-01,9.22E+00,4.19E+00,10.50540353
2.42E+00,3.01E+01,9.40E-01,9.02E+00,4.20E+00,7.294357775
2.47E+00,2.59E+01,9.56E-01,9.53E+00,3.93E+00,10.44604596
2.39E+00,2.85E+01,9.48E-01,9.01E+00,4.17E+00,8.257981639
2.46E+00,2.74E+01,9.48E-01,8.96E+00,4.62E+00,9.075598848
2.38E+00,3.17E+01,9.44E-01,8.78E+00,4.49E+00,6.48165546
2.45E+00,2.57E+01,9.40E-01,9.21E+00,4.00E+00,10.66130538
2.39E+00,2.58E+01,9.58E-01,9.94E+00,3.68E+00,10.56479568
2.48E+00,2.88E+01,9.46E-01,8.83E+00,4.18E+00,8.102491363
2.37E+00,3.10E+01,9.37E-01,8.90E+00,4.47E+00,6.810651334
2.49E+00,2.99E+01,9.51E-01,8.62E+00,4.72E+00,7.379377212
2.46E+00,3.05E+01,9.46E-01,8.75E+00,4.76E+00,7.09813357
2.50E+00,2.68E+01,9.37E-01,8.96E+00,4.35E+00,9.604442894
2.42E+00,3.06E+01,9.52E-01,8.86E+00,4.53E+00,7.03463604
2.38E+00,2.63E+01,9.58E-01,9.21E+00,4.44E+00,10.00970826
2.43E+00,2.10E+01,9.57E-01,9.92E+00,4.11E+00,17.70616968
2.45E+00,3.13E+01,9.52E-01,8.63E+00,4.70E+00,6.66387039
2.38E+00,2.33E+01,9.59E-01,9.36E+00,4.32E+00,13.49951855
2.45E+00,2.31E+01,9.53E-01,9.23E+00,4.44E+00,13.84914011
2.47E+00,3.03E+01,9.33E-01,8.77E+00,4.19E+00,7.172905575
2.44E+00,2.97E+01,9.32E-01,8.80E+00,4.48E+00,7.520814577
2.39E+00,2.95E+01,9.32E-01,9.04E+00,4.40E+00,7.65888763
2.46E+00,2.14E+01,9.49E-01,9.87E+00,4.17E+00,16.84529512
2.47E+00,2.66E+01,9.28E-01,9.69E+00,3.88E+00,9.810674979
2.44E+00,2.61E+01,9.33E-01,9.03E+00,4.39E+00,10.24034869
2.47E+00,2.96E+01,9.34E-01,9.03E+00,4.47E+00,7.572290547
2.49E+00,2.47E+01,9.58E-01,9.14E+00,4.39E+00,11.7153828
2.46E+00,2.69E+01,9.29E-01,9.09E+00,4.44E+00,9.506940427
2.40E+00,2.32E+01,9.60E-01,9.33E+00,4.41E+00,13.66123253
2.33E+00,3.17E+01,9.59E-01,8.59E+00,4.69E+00,6.461084633
2.44E+00,2.73E+01,9.54E-01,8.75E+00,4.55E+00,9.153677822
2.41E+00,2.94E+01,9.35E-01,9.11E+00,4.38E+00,7.707134611
2.46E+00,2.22E+01,9.55E-01,9.90E+00,3.97E+00,15.36383113
2.45E+00,3.32E+01,9.53E-01,8.67E+00,4.48E+00,5.821625633
2.39E+00,2.50E+01,9.51E-01,9.40E+00,4.16E+00,11.39969809
2.45E+00,3.07E+01,9.50E-01,8.70E+00,4.26E+00,6.982627227
2.48E+00,2.74E+01,9.47E-01,9.03E+00,4.04E+00,9.120643995
2.46E+00,2.66E+01,9.30E-01,9.32E+00,4.11E+00,9.778260416
2.47E+00,3.13E+01,9.57E-01,8.61E+00,4.89E+00,6.668072957
2.49E+00,2.55E+01,9.43E-01,9.00E+00,4.54E+00,10.87114247
2.37E+00,2.22E+01,9.60E-01,9.92E+00,4.21E+00,15.31412225
2.45E+00,2.94E+01,9.58E-01,8.90E+00,4.48E+00,7.700159891
2.39E+00,2.78E+01,9.60E-01,9.24E+00,4.13E+00,8.811130186
2.43E+00,2.51E+01,9.51E-01,9.22E+00,4.45E+00,11.20048542
2.36E+00,3.03E+01,9.39E-01,9.03E+00,4.44E+00,7.183676504
2.50E+00,3.03E+01,9.27E-01,8.87E+00,4.63E+00,7.166310194
2.43E+00,3.02E+01,9.52E-01,8.56E+00,4.76E+00,7.216992364
2.41E+00,2.48E+01,9.33E-01,1.02E+01,3.76E+00,11.57521955
2.38E+00,2.61E+01,9.49E-01,9.19E+00,4.38E+00,10.21433428
2.49E+00,2.41E+01,9.58E-01,9.56E+00,3.82E+00,12.4514231
2.43E+00,2.99E+01,9.26E-01,8.80E+00,4.56E+00,7.415055264
2.41E+00,2.46E+01,9.44E-01,9.53E+00,4.30E+00,11.82584121
2.47E+00,2.21E+01,9.33E-01,1.01E+01,4.12E+00,15.52264548
2.41E+00,2.47E+01,9.60E-01,1.00E+01,3.78E+00,11.70917655
2.38E+00,3.16E+01,9.56E-01,8.81E+00,4.22E+00,6.536497919
2.47E+00,2.69E+01,9.18E-01,9.55E+00,3.97E+00,9.51038724
2.48E+00,2.90E+01,9.44E-01,8.43E+00,4.42E+00,7.942277817
2.39E+00,2.72E+01,9.54E-01,9.68E+00,3.69E+00,9.276962436
2.40E+00,3.22E+01,9.26E-01,8.90E+00,4.59E+00,6.234121901
2.49E+00,2.77E+01,9.38E-01,9.07E+00,4.43E+00,8.889895036
2.46E+00,3.26E+01,9.32E-01,9.01E+00,4.10E+00,6.074515907
2.41E+00,3.15E+01,9.20E-01,8.85E+00,4.51E+00,6.552379584
2.45E+00,2.99E+01,9.32E-01,8.80E+00,4.49E+00,7.392884004
2.43E+00,2.12E+01,9.51E-01,1.02E+01,3.95E+00,17.44868991
2.46E+00,2.44E+01,9.50E-01,8.87E+00,4.22E+00,12.10797208
2.45E+00,2.85E+01,9.48E-01,8.50E+00,4.54E+00,8.267782383
2.40E+00,2.93E+01,9.46E-01,9.20E+00,4.06E+00,7.782544352
2.41E+00,2.07E+01,9.50E-01,1.01E+01,4.14E+00,18.4063393
2.50E+00,2.40E+01,9.23E-01,1.00E+01,3.82E+00,12.58970859
2.47E+00,2.86E+01,9.47E-01,9.41E+00,4.09E+00,8.18253559
2.43E+00,3.06E+01,9.58E-01,8.70E+00,4.45E+00,7.043448586
2.49E+00,3.02E+01,9.31E-01,9.06E+00,4.57E+00,7.225614864
2.39E+00,2.58E+01,9.39E-01,9.49E+00,4.25E+00,10.50642983
2.43E+00,2.75E+01,9.57E-01,8.28E+00,4.70E+00,8.986694807
2.45E+00,2.50E+01,9.50E-01,9.33E+00,4.43E+00,11.37186309
2.48E+00,3.12E+01,9.42E-01,8.71E+00,4.86E+00,6.725187481
2.34E+00,3.12E+01,9.59E-01,8.71E+00,4.58E+00,6.717287949
2.34E+00,2.63E+01,9.60E-01,9.50E+00,4.20E+00,10.07673053
2.40E+00,2.54E+01,9.59E-01,8.97E+00,4.33E+00,10.92234796
2.50E+00,3.12E+01,9.33E-01,8.50E+00,4.89E+00,6.721960545
2.48E+00,2.93E+01,9.51E-01,9.11E+00,4.27E+00,7.737189703
2.46E+00,3.19E+01,9.22E-01,8.65E+00,4.57E+00,6.381268143
2.47E+00,2.58E+01,9.43E-01,9.75E+00,3.99E+00,10.56072473
2.43E+00,3.17E+01,9.52E-01,8.63E+00,4.69E+00,6.462146177
2.42E+00,2.46E+01,9.48E-01,9.35E+00,4.43E+00,11.81722615
2.46E+00,3.18E+01,9.18E-01,8.65E+00,4.64E+00,6.435871998
2.39E+00,3.00E+01,9.57E-01,8.24E+00,4.52E+00,7.334355641
2.43E+00,2.12E+01,9.58E-01,9.80E+00,4.16E+00,17.35588131
2.45E+00,3.22E+01,9.19E-01,8.65E+00,4.62E+00,6.239270853
2.47E+00,3.05E+01,9.42E-01,8.65E+00,4.41E+00,7.081053252
2.40E+00,2.39E+01,9.48E-01,9.62E+00,4.22E+00,12.65580281
2.40E+00,2.55E+01,9.50E-01,1.01E+01,3.70E+00,10.84569575
2.33E+00,2.49E+01,9.59E-01,9.21E+00,4.29E+00,11.52538751
2.39E+00,2.70E+01,9.51E-01,9.95E+00,3.71E+00,9.437680683
2.45E+00,2.49E+01,9.52E-01,9.38E+00,4.42E+00,11.49215966
2.49E+00,2.46E+01,9.40E-01,9.90E+00,3.72E+00,11.78637715
2.46E+00,2.10E+01,9.23E-01,1.01E+01,4.13E+00,17.81669468
2.44E+00,2.27E+01,9.36E-01,1.02E+01,3.86E+00,14.49935011
2.50E+00,2.65E+01,9.40E-01,9.03E+00,4.40E+00,9.844994733
2.36E+00,3.01E+01,9.48E-01,8.73E+00,4.60E+00,7.287812433
2.37E+00,2.34E+01,9.58E-01,9.89E+00,3.84E+00,13.35981336
2.37E+00,3.14E+01,9.37E-01,8.66E+00,4.42E+00,6.635884615
2.45E+00,3.12E+01,9.35E-01,8.89E+00,4.35E+00,6.729093392
2.47E+00,2.52E+01,9.31E-01,9.18E+00,4.31E+00,11.1709247
2.49E+00,3.01E+01,9.28E-01,8.81E+00,4.64E+00,7.277926899
2.49E+00,2.83E+01,9.39E-01,8.56E+00,4.28E+00,8.433734183
2.43E+00,3.13E+01,9.50E-01,8.63E+00,4.31E+00,6.640554409
2.48E+00,3.13E+01,9.42E-01,8.70E+00,4.80E+00,6.666490406
2.47E+00,3.02E+01,9.57E-01,8.44E+00,4.74E+00,7.232149912
2.43E+00,2.88E+01,9.56E-01,9.11E+00,4.08E+00,8.080482186
2.41E+00,2.53E+01,9.44E-01,9.67E+00,4.16E+00,11.05209191
2.49E+00,3.18E+01,9.39E-01,8.64E+00,4.74E+00,6.426323111
2.45E+00,2.84E+01,9.42E-01,9.49E+00,3.90E+00,8.321403721
2.39E+00,3.12E+01,9.53E-01,8.54E+00,4.16E+00,6.71705407
2.49E+00,2.41E+01,9.19E-01,9.84E+00,3.92E+00,12.46956835
2.41E+00,2.41E+01,9.55E-01,9.65E+00,4.37E+00,12.41513521
2.47E+00,2.18E+01,9.56E-01,1.03E+01,3.91E+00,16.18259544
2.46E+00,2.97E+01,9.21E-01,9.00E+00,4.46E+00,7.513629158
2.37E+00,3.29E+01,9.60E-01,8.33E+00,4.66E+00,5.949526995
2.49E+00,2.54E+01,9.39E-01,9.39E+00,4.02E+00,10.96585574
2.48E+00,3.09E+01,9.24E-01,8.67E+00,4.44E+00,6.887864001
2.42E+00,2.41E+01,9.49E-01,9.46E+00,4.38E+00,12.51601107
2.36E+00,2.16E+01,9.57E-01,9.93E+00,3.98E+00,16.5250943
2.44E+00,2.37E+01,9.44E-01,9.51E+00,4.39E+00,13.00321236
2.49E+00,2.54E+01,9.44E-01,1.01E+01,3.61E+00,10.97527032
2.45E+00,2.47E+01,9.41E-01,9.15E+00,4.50E+00,11.75989305
2.47E+00,2.86E+01,9.32E-01,9.72E+00,3.84E+00,8.243386656
2.44E+00,2.84E+01,9.44E-01,9.02E+00,4.55E+00,8.381636011
2.42E+00,2.91E+01,9.34E-01,9.24E+00,4.49E+00,7.890910331
2.50E+00,3.13E+01,9.39E-01,9.11E+00,4.05E+00,6.66947808
2.41E+00,3.14E+01,9.57E-01,8.64E+00,4.68E+00,6.638246873
2.38E+00,2.88E+01,9.59E-01,9.39E+00,3.87E+00,8.06471882
2.43E+00,3.19E+01,9.58E-01,8.50E+00,4.76E+00,6.36035659
2.46E+00,3.06E+01,9.25E-01,8.95E+00,4.47E+00,6.99646456
2.43E+00,2.86E+01,9.34E-01,8.89E+00,4.42E+00,8.23654927
2.49E+00,2.56E+01,9.35E-01,9.86E+00,3.57E+00,10.73832492
2.49E+00,2.40E+01,9.31E-01,1.00E+01,3.79E+00,12.59003735
2.39E+00,2.87E+01,9.51E-01,9.25E+00,4.09E+00,8.165895904
2.44E+00,2.53E+01,9.25E-01,9.70E+00,4.12E+00,11.08723404
2.44E+00,3.18E+01,9.15E-01,8.62E+00,4.52E+00,6.443053666
2.48E+00,2.36E+01,9.52E-01,9.08E+00,4.34E+00,13.108356
2.48E+00,2.70E+01,9.00E-01,9.43E+00,4.14E+00,9.41709987
2.37E+00,3.34E+01,9.58E-01,8.58E+00,4.33E+00,5.73812037
2.48E+00,2.59E+01,9.28E-01,9.79E+00,3.80E+00,10.37572796
2.49E+00,3.13E+01,9.26E-01,8.99E+00,4.59E+00,6.663088311
2.42E+00,2.66E+01,9.45E-01,9.24E+00,4.42E+00,9.764001961
2.40E+00,3.08E+01,9.39E-01,8.98E+00,4.21E+00,6.894722805
2.43E+00,3.39E+01,9.57E-01,8.51E+00,4.38E+00,5.569625641
2.49E+00,2.57E+01,9.60E-01,8.54E+00,4.21E+00,10.6221652
2.40E+00,2.89E+01,9.41E-01,9.10E+00,4.52E+00,8.026375442
2.46E+00,2.48E+01,9.58E-01,1.01E+01,3.74E+00,11.6004586
2.45E+00,2.54E+01,9.32E-01,9.59E+00,4.03E+00,10.92679686
2.43E+00,2.19E+01,9.34E-01,1.01E+01,3.92E+00,15.90621632
2.49E+00,2.27E+01,9.50E-01,9.93E+00,3.98E+00,14.45377944
2.40E+00,3.37E+01,9.52E-01,8.31E+00,4.75E+00,5.635760763
2.49E+00,2.97E+01,9.40E-01,8.93E+00,4.51E+00,7.535735635
2.43E+00,3.02E+01,9.23E-01,8.98E+00,4.44E+00,7.216785463
2.46E+00,2.97E+01,9.45E-01,8.69E+00,4.69E+00,7.504636549
2.42E+00,3.03E+01,9.26E-01,8.86E+00,4.42E+00,7.188878411
2.45E+00,3.32E+01,9.32E-01,8.77E+00,4.66E+00,5.835689901
2.49E+00,2.76E+01,8.99E-01,9.28E+00,4.22E+00,8.941981683
2.38E+00,2.56E+01,9.43E-01,1.02E+01,3.71E+00,10.70686147
2.45E+00,2.68E+01,9.44E-01,8.94E+00,4.01E+00,9.56123402
2.41E+00,2.71E+01,9.45E-01,9.08E+00,4.25E+00,9.349082973
2.46E+00,2.49E+01,9.52E-01,9.49E+00,4.17E+00,11.46686036
2.43E+00,2.54E+01,9.54E-01,9.41E+00,3.96E+00,10.96848014
2.43E+00,2.44E+01,9.46E-01,9.37E+00,4.19E+00,12.0302193
2.37E+00,3.22E+01,9.49E-01,8.79E+00,4.17E+00,6.225043045
2.50E+00,3.16E+01,9.31E-01,8.88E+00,4.73E+00,6.534731761
2.45E+00,2.95E+01,9.54E-01,9.09E+00,4.20E+00,7.615443687
2.41E+00,2.11E+01,9.50E-01,1.02E+01,3.97E+00,17.5922536
2.41E+00,2.97E+01,9.38E-01,8.92E+00,4.14E+00,7.520423066
2.43E+00,2.64E+01,9.50E-01,9.82E+00,3.71E+00,9.947758753
2.50E+00,3.01E+01,9.52E-01,8.78E+00,4.57E+00,7.269563866
2.48E+00,2.74E+01,9.49E-01,8.86E+00,4.13E+00,9.09686087
2.47E+00,2.62E+01,9.37E-01,8.99E+00,3.97E+00,10.09739091
2.46E+00,2.69E+01,9.43E-01,8.91E+00,4.53E+00,9.538505587
2.49E+00,2.81E+01,9.43E-01,9.09E+00,4.03E+00,8.555744727
2.43E+00,2.95E+01,9.54E-01,8.93E+00,4.64E+00,7.618455066
2.44E+00,2.11E+01,9.27E-01,1.03E+01,4.09E+00,17.50303991
2.34E+00,2.41E+01,9.58E-01,9.54E+00,4.24E+00,12.40031856
2.45E+00,3.00E+01,9.39E-01,8.62E+00,4.45E+00,7.338775915
2.44E+00,2.82E+01,9.50E-01,8.91E+00,4.67E+00,8.513452252
2.43E+00,2.61E+01,9.48E-01,9.62E+00,3.94E+00,10.27130281
2.48E+00,2.95E+01,9.32E-01,8.77E+00,4.45E+00,7.641443749
2.47E+00,3.08E+01,9.45E-01,8.60E+00,4.53E+00,6.899281449
2.42E+00,2.83E+01,9.47E-01,9.18E+00,4.34E+00,8.401581478
2.41E+00,2.23E+01,9.58E-01,1.01E+01,4.08E+00,15.26782716
2.33E+00,2.76E+01,9.52E-01,9.37E+00,4.34E+00,8.940158618
2.49E+00,3.12E+01,9.30E-01,8.41E+00,4.49E+00,6.734477982
2.45E+00,2.78E+01,9.41E-01,9.08E+00,4.16E+00,8.820676143
2.48E+00,2.52E+01,9.59E-01,9.69E+00,3.98E+00,11.1438114
2.37E+00,2.94E+01,9.57E-01,9.04E+00,4.28E+00,7.694783689
2.36E+00,2.95E+01,9.53E-01,9.07E+00,4.13E+00,7.629487707
2.41E+00,2.54E+01,9.51E-01,8.81E+00,4.39E+00,10.88424948
2.42E+00,2.77E+01,9.45E-01,8.95E+00,4.41E+00,8.885988368
2.40E+00,2.89E+01,9.48E-01,8.80E+00,4.29E+00,8.040771081
2.46E+00,2.35E+01,9.59E-01,9.24E+00,4.30E+00,13.29494682
2.50E+00,2.53E+01,9.56E-01,9.43E+00,3.79E+00,11.07471204
2.44E+00,2.54E+01,9.39E-01,9.35E+00,4.09E+00,10.88137692
2.42E+00,3.17E+01,9.56E-01,8.86E+00,4.24E+00,6.452024033
2.48E+00,2.44E+01,9.34E-01,1.01E+01,3.69E+00,12.05420324
2.50E+00,3.04E+01,9.27E-01,8.92E+00,4.66E+00,7.115670073
2.27E+00,2.30E+01,9.60E-01,9.94E+00,4.14E+00,13.9878445
2.36E+00,3.27E+01,9.59E-01,8.77E+00,4.66E+00,6.034075361
2.47E+00,3.30E+01,9.35E-01,8.72E+00,4.83E+00,5.913702186
2.41E+00,2.11E+01,9.36E-01,1.04E+01,3.99E+00,17.61152949
2.44E+00,2.74E+01,9.38E-01,8.92E+00,4.49E+00,9.064697936
2.50E+00,2.71E+01,9.17E-01,9.31E+00,4.22E+00,9.33298215
2.49E+00,2.77E+01,9.51E-01,8.38E+00,4.51E+00,8.835746652
2.49E+00,3.16E+01,9.35E-01,8.81E+00,4.34E+00,6.514990509
2.49E+00,2.37E+01,9.37E-01,9.11E+00,4.42E+00,12.95663678
2.47E+00,3.13E+01,9.49E-01,8.52E+00,4.77E+00,6.679170856
2.40E+00,2.16E+01,9.47E-01,9.69E+00,3.98E+00,16.46581545
2.46E+00,3.20E+01,9.06E-01,8.68E+00,4.46E+00,6.326125746
2.48E+00,2.71E+01,9.58E-01,8.60E+00,4.37E+00,9.30264591
2.49E+00,3.17E+01,9.52E-01,8.30E+00,4.40E+00,6.471683093
2.38E+00,2.43E+01,9.45E-01,9.66E+00,3.75E+00,12.2196769
2.42E+00,3.05E+01,9.43E-01,8.93E+00,4.67E+00,7.095864662
2.44E+00,3.09E+01,9.33E-01,9.04E+00,4.07E+00,6.880666248
2.41E+00,3.00E+01,9.50E-01,9.15E+00,4.01E+00,7.330063268
2.42E+00,3.26E+01,9.42E-01,8.72E+00,4.79E+00,6.082572467
2.48E+00,2.46E+01,9.28E-01,9.72E+00,4.22E+00,11.83055794
2.49E+00,2.35E+01,9.41E-01,1.00E+01,3.94E+00,13.34548369
2.40E+00,2.46E+01,9.26E-01,9.81E+00,4.17E+00,11.79301151
2.43E+00,3.16E+01,9.44E-01,8.33E+00,4.68E+00,6.509449141
2.39E+00,2.57E+01,9.51E-01,1.01E+01,3.65E+00,10.66524986
2.46E+00,3.21E+01,9.30E-01,8.88E+00,4.78E+00,6.287332415
2.49E+00,3.15E+01,9.51E-01,8.35E+00,4.93E+00,6.551112676
2.43E+00,2.61E+01,9.54E-01,9.56E+00,3.88E+00,10.20119973
2.46E+00,2.66E+01,9.36E-01,9.74E+00,3.71E+00,9.771257741
2.47E+00,2.95E+01,9.39E-01,9.08E+00,4.13E+00,7.622095054
2.47E+00,2.71E+01,9.14E-01,9.40E+00,4.15E+00,9.34182598
2.50E+00,2.50E+01,9.49E-01,9.07E+00,4.27E+00,11.31235655
2.40E+00,2.66E+01,9.53E-01,9.65E+00,3.73E+00,9.802956965
2.42E+00,3.01E+01,9.55E-01,8.74E+00,4.18E+00,7.29247795
2.39E+00,2.79E+01,9.58E-01,8.25E+00,4.66E+00,8.722843073
2.48E+00,2.76E+01,9.36E-01,8.75E+00,4.32E+00,8.923816123
2.46E+00,3.02E+01,9.59E-01,9.06E+00,4.03E+00,7.231527069
2.43E+00,3.08E+01,9.49E-01,8.29E+00,4.54E+00,6.923545046
2.40E+00,2.46E+01,9.46E-01,9.95E+00,3.86E+00,11.88467323
2.40E+00,3.00E+01,9.44E-01,8.74E+00,4.57E+00,7.349996695
2.43E+00,2.29E+01,9.17E-01,9.93E+00,4.05E+00,14.14312577
2.46E+00,2.99E+01,9.55E-01,8.94E+00,4.83E+00,7.401498468
2.47E+00,3.05E+01,9.55E-01,8.88E+00,4.20E+00,7.046692558
2.29E+00,3.09E+01,9.51E-01,9.04E+00,4.40E+00,6.88801843
2.39E+00,2.79E+01,9.46E-01,8.84E+00,4.59E+00,8.692047223
2.46E+00,2.51E+01,9.33E-01,9.81E+00,3.81E+00,11.20261107
2.48E+00,2.50E+01,9.50E-01,9.97E+00,3.70E+00,11.32983717
2.48E+00,3.01E+01,9.50E-01,8.76E+00,4.09E+00,7.264229024
2.30E+00,2.19E+01,9.54E-01,1.02E+01,4.02E+00,16.00669437
2.42E+00,3.08E+01,9.60E-01,8.54E+00,4.76E+00,6.889241543
2.46E+00,2.70E+01,9.59E-01,8.94E+00,4.58E+00,9.398989318
2.43E+00,2.78E+01,9.47E-01,8.70E+00,4.25E+00,8.798059187
2.42E+00,3.22E+01,9.46E-01,8.79E+00,4.64E+00,6.247925548
2.45E+00,3.03E+01,9.28E-01,8.92E+00,4.60E+00,7.20046799
2.49E+00,2.48E+01,9.53E-01,9.28E+00,4.36E+00,11.55889823
2.49E+00,2.99E+01,9.21E-01,9.10E+00,4.34E+00,7.387711696
2.40E+00,3.22E+01,9.39E-01,8.57E+00,4.79E+00,6.22489527
2.50E+00,3.01E+01,9.54E-01,8.82E+00,4.28E+00,7.276829208
2.43E+00,2.60E+01,9.46E-01,9.79E+00,3.84E+00,10.32708491
2.49E+00,3.08E+01,9.31E-01,8.57E+00,4.51E+00,6.896576676
2.50E+00,2.37E+01,9.35E-01,9.17E+00,4.51E+00,13.00546523
2.45E+00,3.12E+01,9.60E-01,8.13E+00,4.76E+00,6.736672305
2.45E+00,2.48E+01,9.47E-01,9.79E+00,4.09E+00,11.619481
2.38E+00,2.58E+01,9.46E-01,1.02E+01,3.69E+00,10.4716379
2.48E+00,3.27E+01,9.24E-01,8.55E+00,4.39E+00,6.024665388
2.49E+00,2.60E+01,9.23E-01,9.32E+00,4.25E+00,10.31652742
2.48E+00,2.64E+01,9.52E-01,9.64E+00,3.69E+00,9.961473645
2.43E+00,2.98E+01,9.44E-01,9.02E+00,4.45E+00,7.439008148
2.44E+00,2.94E+01,9.55E-01,8.61E+00,4.53E+00,7.710859747
2.43E+00,2.81E+01,9.59E-01,9.18E+00,4.38E+00,8.531895357
2.45E+00,3.14E+01,9.25E-01,8.71E+00,4.68E+00,6.607263407
2.34E+00,2.93E+01,9.53E-01,8.90E+00,4.01E+00,7.750056634
2.44E+00,2.98E+01,9.53E-01,8.91E+00,4.79E+00,7.474752287
2.42E+00,2.69E+01,9.56E-01,9.48E+00,4.03E+00,9.476194874
2.45E+00,2.94E+01,9.38E-01,8.93E+00,4.65E+00,7.676263516
2.48E+00,3.18E+01,9.24E-01,8.69E+00,4.64E+00,6.422593481
2.47E+00,2.56E+01,9.55E-01,9.16E+00,4.10E+00,10.73650935
2.48E+00,2.54E+01,9.38E-01,1.02E+01,3.68E+00,10.97486777
2.47E+00,3.04E+01,9.34E-01,8.63E+00,4.76E+00,7.100984699
2.44E+00,2.51E+01,9.32E-01,9.19E+00,4.26E+00,11.28509016
2.47E+00,3.11E+01,9.48E-01,8.83E+00,4.16E+00,6.743118203
2.37E+00,2.47E+01,9.58E-01,9.94E+00,3.70E+00,11.70964532
2.45E+00,3.24E+01,9.58E-01,8.18E+00,4.60E+00,6.138318385
2.49E+00,2.48E+01,9.33E-01,1.00E+01,3.77E+00,11.58354046
2.44E+00,2.62E+01,9.56E-01,8.79E+00,4.09E+00,10.09003696
2.49E+00,3.12E+01,9.34E-01,8.74E+00,4.88E+00,6.711888899
2.43E+00,2.91E+01,9.36E-01,9.00E+00,4.46E+00,7.914258142
2.39E+00,3.15E+01,9.30E-01,8.82E+00,4.56E+00,6.590618036
2.45E+00,3.01E+01,9.36E-01,8.93E+00,4.47E+00,7.293124567
2.40E+00,2.48E+01,9.42E-01,9.60E+00,4.14E+00,11.64320625
2.37E+00,3.20E+01,9.29E-01,8.84E+00,4.52E+00,6.335148419
2.41E+00,2.56E+01,9.40E-01,9.73E+00,4.07E+00,10.68911532
2.48E+00,3.10E+01,9.43E-01,8.68E+00,4.35E+00,6.833669111
2.38E+00,3.15E+01,9.58E-01,8.83E+00,4.36E+00,6.546885525
2.42E+00,3.05E+01,9.17E-01,8.85E+00,4.41E+00,7.096088265
2.47E+00,2.90E+01,9.52E-01,9.05E+00,4.54E+00,7.951892882
2.50E+00,2.91E+01,9.59E-01,8.86E+00,4.08E+00,7.900001249
2.36E+00,2.35E+01,9.50E-01,1.05E+01,3.68E+00,13.25867429
2.33E+00,2.61E+01,9.48E-01,9.40E+00,3.83E+00,10.20158798
2.49E+00,2.96E+01,9.59E-01,9.03E+00,3.81E+00,7.597536675
2.49E+00,2.26E+01,9.42E-01,9.43E+00,4.31E+00,14.67137361
2.45E+00,3.00E+01,9.56E-01,9.20E+00,3.98E+00,7.352824432
2.43E+00,2.49E+01,9.40E-01,9.48E+00,4.29E+00,11.43892504
2.48E+00,3.04E+01,9.25E-01,9.08E+00,4.50E+00,7.140729657
2.48E+00,2.56E+01,9.31E-01,9.48E+00,4.41E+00,10.73700385
2.40E+00,2.62E+01,9.54E-01,9.00E+00,4.48E+00,10.09815012
2.44E+00,2.50E+01,9.27E-01,9.59E+00,4.28E+00,11.36595816
2.46E+00,2.46E+01,9.27E-01,9.91E+00,3.87E+00,11.79902695
2.48E+00,2.85E+01,9.56E-01,9.19E+00,4.07E+00,8.268474818
2.41E+00,2.60E+01,9.42E-01,9.05E+00,4.38E+00,10.33137959
2.47E+00,3.05E+01,9.44E-01,8.87E+00,4.77E+00,7.048283649
2.47E+00,2.49E+01,9.50E-01,9.55E+00,4.50E+00,11.48218004
2.49E+00,3.08E+01,9.59E-01,8.66E+00,4.88E+00,6.894407367
2.49E+00,2.54E+01,9.23E-01,9.32E+00,4.26E+00,10.92612846
2.40E+00,3.13E+01,9.60E-01,8.63E+00,4.74E+00,6.672403726
2.48E+00,2.90E+01,9.57E-01,8.97E+00,4.55E+00,7.971785839
2.41E+00,2.72E+01,9.58E-01,8.54E+00,4.22E+00,9.243214844
2.47E+00,2.90E+01,9.34E-01,8.82E+00,4.45E+00,7.931674556
2.39E+00,2.62E+01,9.50E-01,9.15E+00,4.16E+00,10.12195049
2.48E+00,2.36E+01,9.19E-01,9.66E+00,4.09E+00,13.11228801
2.41E+00,2.99E+01,9.58E-01,9.08E+00,4.25E+00,7.391124977
2.48E+00,3.11E+01,9.43E-01,8.75E+00,4.26E+00,6.763515952
2.46E+00,2.13E+01,9.58E-01,1.02E+01,4.08E+00,17.05882537
2.42E+00,2.05E+01,9.56E-01,9.87E+00,4.21E+00,18.88715042
2.39E+00,2.69E+01,9.44E-01,9.10E+00,4.17E+00,9.518569581
2.41E+00,2.91E+01,9.44E-01,8.80E+00,4.40E+00,7.900903201
2.48E+00,2.85E+01,9.33E-01,8.94E+00,4.22E+00,8.311583089
2.49E+00,2.74E+01,9.55E-01,8.80E+00,4.08E+00,9.13471214
2.48E+00,2.97E+01,9.47E-01,8.98E+00,4.60E+00,7.550670197
2.39E+00,3.17E+01,9.36E-01,8.67E+00,4.33E+00,6.478622525
2.43E+00,2.82E+01,9.39E-01,9.24E+00,4.10E+00,8.519075019
2.42E+00,3.15E+01,9.37E-01,8.95E+00,4.05E+00,6.548698745
2.46E+00,2.90E+01,9.32E-01,8.73E+00,4.57E+00,7.920591379
2.49E+00,3.15E+01,9.43E-01,8.80E+00,4.84E+00,6.585902308
2.46E+00,3.09E+01,9.46E-01,8.77E+00,4.59E+00,6.850858281
2.45E+00,2.88E+01,9.16E-01,9.80E+00,3.87E+00,8.083399952
2.48E+00,2.56E+01,9.10E-01,9.61E+00,4.26E+00,10.74374369
2.49E+00,2.67E+01,9.13E-01,9.50E+00,4.19E+00,9.661958285
2.45E+00,3.08E+01,9.24E-01,8.65E+00,4.72E+00,6.929147532
2.33E+00,3.20E+01,9.56E-01,8.68E+00,4.51E+00,6.318105302
2.44E+00,3.17E+01,9.57E-01,8.29E+00,4.46E+00,6.473851237
2.46E+00,2.50E+01,9.57E-01,1.00E+01,3.74E+00,11.39356164
2.39E+00,3.06E+01,9.54E-01,8.78E+00,4.22E+00,7.022658182
2.47E+00,2.56E+01,9.48E-01,9.96E+00,3.64E+00,10.73677968
2.44E+00,2.45E+01,9.39E-01,9.20E+00,4.32E+00,11.9793924
2.50E+00,3.07E+01,9.01E-01,8.78E+00,4.46E+00,6.968560774
2.49E+00,2.48E+01,9.42E-01,9.43E+00,4.52E+00,11.59690818
2.47E+00,2.94E+01,9.14E-01,9.03E+00,4.33E+00,7.727927959
2.37E+00,2.50E+01,9.54E-01,9.30E+00,4.30E+00,11.38188485
2.47E+00,2.61E+01,9.22E-01,9.19E+00,4.25E+00,10.22778124
2.42E+00,2.93E+01,9.48E-01,8.66E+00,4.47E+00,7.758604113
2.45E+00,3.03E+01,9.44E-01,8.80E+00,4.63E+00,7.16888742
2.41E+00,2.77E+01,9.38E-01,9.39E+00,4.20E+00,8.89946823
2.30E+00,2.86E+01,9.49E-01,9.33E+00,4.37E+00,8.239451068
2.43E+00,3.08E+01,9.52E-01,8.53E+00,4.71E+00,6.892586375
2.45E+00,2.64E+01,9.15E-01,1.02E+01,3.76E+00,9.921213312
2.33E+00,2.95E+01,9.50E-01,9.11E+00,4.33E+00,7.650925621
2.43E+00,2.62E+01,9.48E-01,9.96E+00,3.68E+00,10.13296925
2.40E+00,3.32E+01,9.45E-01,8.58E+00,4.68E+00,5.820561408
2.45E+00,2.65E+01,9.18E-01,9.51E+00,4.21E+00,9.832272574
2.49E+00,2.92E+01,9.49E-01,9.15E+00,4.23E+00,7.803346544
2.45E+00,3.07E+01,9.14E-01,8.97E+00,4.45E+00,6.964575835
2.46E+00,2.66E+01,9.23E-01,1.01E+01,3.70E+00,9.723973463
2.47E+00,2.98E+01,9.50E-01,8.96E+00,4.49E+00,7.454783762
2.47E+00,2.45E+01,9.45E-01,1.00E+01,3.79E+00,11.946451
2.38E+00,2.89E+01,9.44E-01,8.85E+00,4.36E+00,8.021803298
2.45E+00,2.25E+01,9.52E-01,1.00E+01,3.90E+00,14.83751377
2.50E+00,3.21E+01,9.15E-01,8.53E+00,4.52E+00,6.287099087
2.47E+00,2.24E+01,9.59E-01,1.01E+01,3.87E+00,14.94217686
2.42E+00,3.17E+01,9.29E-01,8.84E+00,4.68E+00,6.469758033
2.46E+00,2.97E+01,9.59E-01,8.71E+00,4.24E+00,7.50914975
2.42E+00,2.90E+01,9.55E-01,8.69E+00,4.43E+00,7.941092874
2.45E+00,2.87E+01,9.20E-01,9.32E+00,4.34E+00,8.145775865
2.41E+00,3.20E+01,9.42E-01,8.82E+00,4.55E+00,6.340598443
2.43E+00,2.92E+01,9.54E-01,9.17E+00,3.95E+00,7.844339819
2.48E+00,3.14E+01,9.35E-01,8.73E+00,4.33E+00,6.601965993
2.43E+00,2.29E+01,9.56E-01,9.34E+00,4.34E+00,14.132825
2.49E+00,3.18E+01,9.31E-01,8.72E+00,4.28E+00,6.449925248
2.36E+00,3.15E+01,9.33E-01,9.00E+00,4.43E+00,6.581511884
2.41E+00,3.14E+01,9.46E-01,8.67E+00,4.66E+00,6.61692015
2.45E+00,3.15E+01,9.33E-01,8.63E+00,4.51E+00,6.550342093
2.44E+00,3.02E+01,9.51E-01,8.94E+00,4.34E+00,7.227547427
2.43E+00,2.47E+01,9.41E-01,9.37E+00,4.47E+00,11.65796485
2.35E+00,2.95E+01,9.58E-01,8.80E+00,4.47E+00,7.62736256
2.36E+00,2.89E+01,9.52E-01,9.22E+00,4.27E+00,8.001801819
2.35E+00,2.98E+01,9.27E-01,9.07E+00,4.30E+00,7.485225694
2.44E+00,2.40E+01,9.45E-01,9.17E+00,4.27E+00,12.62633893
2.47E+00,2.67E+01,9.49E-01,9.78E+00,3.73E+00,9.700352329
2.49E+00,3.22E+01,9.49E-01,9.05E+00,4.22E+00,6.251142552
2.47E+00,2.97E+01,9.39E-01,8.60E+00,4.41E+00,7.499554389
2.43E+00,3.11E+01,9.37E-01,8.90E+00,4.53E+00,6.752057045
2.50E+00,2.23E+01,9.50E-01,9.45E+00,4.29E+00,15.11856322
2.47E+00,2.46E+01,9.21E-01,9.86E+00,3.87E+00,11.77353816
2.41E+00,2.51E+01,9.43E-01,9.66E+00,3.97E+00,11.30680186
2.47E+00,2.63E+01,9.56E-01,9.56E+00,3.82E+00,10.06634471
2.48E+00,3.14E+01,9.14E-01,8.94E+00,4.51E+00,6.617136536
2.45E+00,2.80E+01,9.59E-01,9.36E+00,3.84E+00,8.627365887
2.43E+00,2.96E+01,9.29E-01,9.13E+00,4.34E+00,7.574173884
2.48E+00,2.54E+01,9.42E-01,9.86E+00,3.64E+00,10.93454131
2.43E+00,2.94E+01,9.49E-01,8.98E+00,4.33E+00,7.680721439
2.49E+00,2.34E+01,9.50E-01,9.60E+00,4.27E+00,13.46697989
2.49E+00,2.83E+01,9.37E-01,9.11E+00,4.09E+00,8.410023735
2.38E+00,2.89E+01,9.27E-01,9.26E+00,4.36E+00,8.031051946
2.38E+00,2.85E+01,9.52E-01,8.82E+00,4.25E+00,8.258634185
2.50E+00,2.72E+01,9.52E-01,9.64E+00,3.86E+00,9.238371402
